GRIDGRAPH_0;('python generate_gridgraph.py 18 30 447 10000 1000 13670324914702', '')
NETGEN_0;('"..\\netgen\\netgen"', '2836655686383 1 1490 1 1 52212 1 10000 80393 0 0 100 100 1 1000')
GRIDGEN_0;('"..\\gridgen\\gridgen"', '1 10374625254709 3918 17 292 1559 32 211201 1 1 10000 1 1 1000')
GRIDGRAPH_1;('python generate_gridgraph.py 26 58 900 10000 1000 9931885812916', '')
NETGEN_2;('"..\\netgen\\netgen"', '365045454141 1 2075 1 1 76307 1 10000 6077 0 0 100 100 1 1000')
GOTO_0;('"..\\goto\\goto"', '2276 45359 1000 10000 15589113460989')
GRIDGRAPH_2;('python generate_gridgraph.py 31 113 65 10000 1000 7759348564550', '')
GRIDGRAPH_3;('python generate_gridgraph.py 18 33 1061 10000 1000 4023689909708', '')
NETGEN_3;('"..\\netgen\\netgen"', '4680836527297 1 22 1 1 307 1 10000 1958 0 0 100 100 1 1000')
NETGEN_1;('"..\\netgen\\netgen"', '5486130760116 1 2870 1 1 100777 1 10000 121529 0 0 100 100 1 1000')
GRIDGEN_1;('"..\\gridgen\\gridgen"', '1 5446524245346 1232 17 448 233 12 80000 1 1 10000 1 1 1000')
GOTO_1;('"..\\goto\\goto"', '3559 101035 1000 10000 9918658141919')
GRIDGEN_2;('"..\\gridgen\\gridgen"', '1 2675075602947 2200 7 691 648 12 143623 1 1 10000 1 1 1000')
NETGEN_4;('"..\\netgen\\netgen"', '11776808679336 1 4852 1 1 25103 1 10000 274015 0 0 100 100 1 1000')
GOTO_3;('"..\\goto\\goto"', '3369 105145 1000 10000 15846820774202')
GOTO_2;('"..\\goto\\goto"', '1267 48182 1000 10000 8536463735192')
GRIDGRAPH_4;('python generate_gridgraph.py 12 41 285 10000 1000 10862215193793', '')
GRIDGEN_3;('"..\\gridgen\\gridgen"', '1 1346029042738 3413 50 1082 125 48 130913 1 1 10000 1 1 1000')
GRIDGEN_4;('"..\\gridgen\\gridgen"', '1 14160382415282 382 17 124 157 165 27110 1 1 10000 1 1 1000')
GRIDGRAPH_5;('python generate_gridgraph.py 31 153 658 10000 1000 2923979388509', '')
NETGEN_5;('"..\\netgen\\netgen"', '1778999811047 1 2933 1 1 164965 1 10000 183749 0 0 100 100 1 1000')
GRIDGEN_5;('"..\\gridgen\\gridgen"', '1 4941730249919 3973 10 1076 1459 31 229892 1 1 10000 1 1 1000')
NETGEN_6;('"..\\netgen\\netgen"', '2935991695099 1 1227 1 1 13894 1 10000 13249 0 0 100 100 1 1000')
GRIDGRAPH_6;('python generate_gridgraph.py 5 90 835 10000 1000 6872394143017', '')
GOTO_4;('"..\\goto\\goto"', '2058 119423 1000 10000 1730753405126')
GRIDGRAPH_7;('python generate_gridgraph.py 13 342 1691 10000 1000 11926222295449', '')
GOTO_5;('"..\\goto\\goto"', '1998 100781 1000 10000 888774842229')
GRIDGEN_6;('"..\\gridgen\\gridgen"', '1 9973296583181 4632 50 1248 1253 3 98713 1 1 10000 1 1 1000')
GRIDGRAPH_8;('python generate_gridgraph.py 10 35 771 10000 1000 7621802452795', '')
NETGEN_7;('"..\\netgen\\netgen"', '16935725284324 1 2909 1 1 146015 1 10000 209412 0 0 100 100 1 1000')
GOTO_6;('"..\\goto\\goto"', '773 64425 1000 10000 1083313575087')
GOTO_8;('"..\\goto\\goto"', '426 7775 1000 10000 7214622478446')
GOTO_7;('"..\\goto\\goto"', '2725 80928 1000 10000 9119919597350')
GRIDGRAPH_9;('python generate_gridgraph.py 27 68 48 10000 1000 4961286789807', '')
NETGEN_9;('"..\\netgen\\netgen"', '16081596871583 1 4051 1 1 72072 1 10000 359404 0 0 100 100 1 1000')
GRIDGRAPH_10;('python generate_gridgraph.py 16 76 1124 10000 1000 7247271741119', '')
GRIDGRAPH_11;('python generate_gridgraph.py 20 209 1324 10000 1000 10485285694016', '')
GRIDGRAPH_12;('python generate_gridgraph.py 22 180 55 10000 1000 6672330898455', '')
GRIDGEN_7;('"..\\gridgen\\gridgen"', '1 12341430621478 4268 58 636 1846 33 52815 1 1 10000 1 1 1000')
GRIDGEN_8;('"..\\gridgen\\gridgen"', '1 13010655257354 659 7 142 353 264 5853 1 1 10000 1 1 1000')
GRIDGEN_9;('"..\\gridgen\\gridgen"', '1 12057909882872 1440 37 946 264 92 331 1 1 10000 1 1 1000')
NETGEN_10;('"..\\netgen\\netgen"', '14946693561635 1 4778 1 1 109647 1 10000 7534 0 0 100 100 1 1000')
NETGEN_8;('"..\\netgen\\netgen"', '6113506064213 1 1473 1 1 80000 1 10000 111204 0 0 100 100 1 1000')
GRIDGEN_10;('"..\\gridgen\\gridgen"', '1 9526202857325 1036 16 26 169 26 18863 1 1 10000 1 1 1000')
GOTO_9;('"..\\goto\\goto"', '596 39366 1000 10000 15882722932171')
NETGEN_11;('"..\\netgen\\netgen"', '11969696130630 1 982 1 1 120260 1 10000 56526 0 0 100 100 1 1000')
GRIDGRAPH_13;('python generate_gridgraph.py 21 127 668 10000 1000 8134201995912', '')
GOTO_10;('"..\\goto\\goto"', '3678 122669 1000 10000 9261177637978')
GRIDGRAPH_14;('python generate_gridgraph.py 38 109 870 10000 1000 13577838212378', '')
GRIDGEN_11;('"..\\gridgen\\gridgen"', '1 6841736185945 3542 42 1340 2128 46 319160 1 1 10000 1 1 1000')
GRIDGRAPH_15;('python generate_gridgraph.py 32 33 837 10000 1000 781831540131', '')
GRIDGRAPH_16;('python generate_gridgraph.py 44 63 413 10000 1000 2113936212571', '')
GOTO_11;('"..\\goto\\goto"', '2940 61171 1000 10000 8187316510283')
GOTO_12;('"..\\goto\\goto"', '441 23761 1000 10000 15610832320334')
NETGEN_12;('"..\\netgen\\netgen"', '16298086323789 1 4193 1 1 68094 1 10000 155184 0 0 100 100 1 1000')
GRIDGEN_12;('"..\\gridgen\\gridgen"', '1 8782996574459 696 23 238 180 133 33813 1 1 10000 1 1 1000')
GRIDGEN_13;('"..\\gridgen\\gridgen"', '1 1471721563724 2202 6 47 531 30 37715 1 1 10000 1 1 1000')
GRIDGRAPH_17;('python generate_gridgraph.py 11 16 283 10000 1000 19896603219', '')
GOTO_13;('"..\\goto\\goto"', '1872 136236 1000 10000 11466822418787')
NETGEN_13;('"..\\netgen\\netgen"', '6082819853331 1 2219 1 1 5113 1 10000 112938 0 0 100 100 1 1000')
GRIDGRAPH_18;('python generate_gridgraph.py 55 88 856 10000 1000 5088103388475', '')
GOTO_14;('"..\\goto\\goto"', '3667 35026 1000 10000 14834579833639')
NETGEN_14;('"..\\netgen\\netgen"', '17086542292614 1 1113 1 1 54737 1 10000 29873 0 0 100 100 1 1000')
GOTO_16;('"..\\goto\\goto"', '4239 164307 1000 10000 3629959584189')
GRIDGRAPH_19;('python generate_gridgraph.py 22 44 1868 10000 1000 7182223563429', '')
GRIDGRAPH_20;('python generate_gridgraph.py 61 71 986 10000 1000 3356984311525', '')
GOTO_15;('"..\\goto\\goto"', '2616 135785 1000 10000 9161105458611')
GRIDGRAPH_21;('python generate_gridgraph.py 31 66 310 10000 1000 3527881059803', '')
GOTO_17;('"..\\goto\\goto"', '1137 26033 1000 10000 10125318641562')
NETGEN_15;('"..\\netgen\\netgen"', '10956320178126 1 4522 1 1 33552 1 10000 427603 0 0 100 100 1 1000')
GRIDGEN_14;('"..\\gridgen\\gridgen"', '1 11032019762677 4800 13 563 3863 36 457447 1 1 10000 1 1 1000')
NETGEN_17;('"..\\netgen\\netgen"', '10755596564409 1 4576 1 1 34029 1 10000 443149 0 0 100 100 1 1000')
NETGEN_16;('"..\\netgen\\netgen"', '3119986406786 1 450 1 1 38139 1 10000 7308 0 0 100 100 1 1000')
GRIDGEN_15;('"..\\gridgen\\gridgen"', '1 10477356741767 4219 52 898 179 2 289649 1 1 10000 1 1 1000')
GRIDGRAPH_22;('python generate_gridgraph.py 59 73 1426 10000 1000 4116093636303', '')
GRIDGRAPH_23;('python generate_gridgraph.py 51 72 1057 10000 1000 2698429164400', '')
GRIDGRAPH_24;('python generate_gridgraph.py 29 81 1100 10000 1000 182519698438', '')
NETGEN_19;('"..\\netgen\\netgen"', '2966509733354 1 4893 1 1 25045 1 10000 364039 0 0 100 100 1 1000')
NETGEN_18;('"..\\netgen\\netgen"', '14466727736368 1 3343 1 1 91357 1 10000 38038 0 0 100 100 1 1000')
NETGEN_20;('"..\\netgen\\netgen"', '13496149684168 1 4449 1 1 38755 1 10000 172598 0 0 100 100 1 1000')
GRIDGEN_16;('"..\\gridgen\\gridgen"', '1 828053062273 4701 62 2196 1570 34 12711 1 1 10000 1 1 1000')
GRIDGEN_18;('"..\\gridgen\\gridgen"', '1 7876693229247 2536 9 943 1467 13 59636 1 1 10000 1 1 1000')
GOTO_18;('"..\\goto\\goto"', '193 4732 1000 10000 14484398063051')
GRIDGEN_19;('"..\\gridgen\\gridgen"', '1 6008460554693 551 18 25 261 350 52737 1 1 10000 1 1 1000')
GRIDGEN_17;('"..\\gridgen\\gridgen"', '1 1242151086839 4112 23 3201 891 33 281160 1 1 10000 1 1 1000')
GOTO_19;('"..\\goto\\goto"', '4152 148487 1000 10000 12998502281994')
NETGEN_21;('"..\\netgen\\netgen"', '5570541437054 1 2889 1 1 32547 1 10000 96104 0 0 100 100 1 1000')
GRIDGEN_20;('"..\\gridgen\\gridgen"', '1 11786284162281 1297 9 922 332 146 49745 1 1 10000 1 1 1000')
GOTO_20;('"..\\goto\\goto"', '1543 101343 1000 10000 4888098549184')
GRIDGRAPH_25;('python generate_gridgraph.py 44 45 72 10000 1000 1565718311650', '')
GRIDGRAPH_26;('python generate_gridgraph.py 20 29 1606 10000 1000 12856612791772', '')
GRIDGRAPH_27;('python generate_gridgraph.py 34 39 82 10000 1000 7351446315422', '')
GRIDGRAPH_28;('python generate_gridgraph.py 15 16 1842 10000 1000 171074261032', '')
GRIDGRAPH_29;('python generate_gridgraph.py 37 100 1401 10000 1000 13886522057169', '')
GRIDGEN_21;('"..\\gridgen\\gridgen"', '1 8155491716277 3893 31 1579 429 8 150109 1 1 10000 1 1 1000')
GRIDGEN_22;('"..\\gridgen\\gridgen"', '1 15009033354547 2297 8 43 2066 59 116959 1 1 10000 1 1 1000')
NETGEN_22;('"..\\netgen\\netgen"', '14728318194019 1 785 1 1 78918 1 10000 68076 0 0 100 100 1 1000')
GRIDGEN_23;('"..\\gridgen\\gridgen"', '1 16971148697868 3269 16 1768 567 14 65336 1 1 10000 1 1 1000')
GOTO_21;('"..\\goto\\goto"', '3951 125293 1000 10000 9734594902892')
NETGEN_24;('"..\\netgen\\netgen"', '9510571896004 1 4756 1 1 54171 1 10000 301699 0 0 100 100 1 1000')
GRIDGEN_24;('"..\\gridgen\\gridgen"', '1 11816478722418 3620 14 398 603 27 45868 1 1 10000 1 1 1000')
NETGEN_23;('"..\\netgen\\netgen"', '8706805820434 1 3438 1 1 150535 1 10000 314994 0 0 100 100 1 1000')
GRIDGEN_25;('"..\\gridgen\\gridgen"', '1 6077672728245 3852 47 1936 1499 14 13725 1 1 10000 1 1 1000')
GRIDGEN_26;('"..\\gridgen\\gridgen"', '1 16074609849220 1854 16 1143 500 21 112604 1 1 10000 1 1 1000')
GRIDGRAPH_30;('python generate_gridgraph.py 62 76 1017 10000 1000 11925437801386', '')
GOTO_22;('"..\\goto\\goto"', '2682 88777 1000 10000 3761254177305')
NETGEN_25;('"..\\netgen\\netgen"', '2264027078783 1 3409 1 1 46791 1 10000 198782 0 0 100 100 1 1000')
GOTO_23;('"..\\goto\\goto"', '2276 149554 1000 10000 3516877622592')
GRIDGRAPH_31;('python generate_gridgraph.py 9 282 659 10000 1000 13732590674027', '')
GOTO_24;('"..\\goto\\goto"', '4044 73548 1000 10000 5146086105012')
GRIDGRAPH_32;('python generate_gridgraph.py 40 60 140 10000 1000 12657743186962', '')
GRIDGEN_27;('"..\\gridgen\\gridgen"', '1 14413341947968 4316 23 383 2387 7 76420 1 1 10000 1 1 1000')
GOTO_25;('"..\\goto\\goto"', '4664 181842 1000 10000 6924062713917')
GOTO_26;('"..\\goto\\goto"', '4944 37490 1000 10000 1768470288556')
GRIDGRAPH_33;('python generate_gridgraph.py 30 134 533 10000 1000 8483383345380', '')
GRIDGRAPH_34;('python generate_gridgraph.py 8 44 580 10000 1000 8434837240875', '')
GRIDGEN_28;('"..\\gridgen\\gridgen"', '1 13114500364822 4924 31 2995 527 35 103588 1 1 10000 1 1 1000')
GRIDGRAPH_35;('python generate_gridgraph.py 14 74 1191 10000 1000 1453938023521', '')
NETGEN_26;('"..\\netgen\\netgen"', '13583061355611 1 4449 1 1 199049 1 10000 276837 0 0 100 100 1 1000')
GRIDGEN_29;('"..\\gridgen\\gridgen"', '1 339502725268 4869 42 1180 2694 18 352404 1 1 10000 1 1 1000')
GRIDGRAPH_36;('python generate_gridgraph.py 32 152 966 10000 1000 14490429057775', '')
GOTO_27;('"..\\goto\\goto"', '2787 127925 1000 10000 4249933400565')
GOTO_28;('"..\\goto\\goto"', '4881 130861 1000 10000 3421647196140')
GOTO_29;('"..\\goto\\goto"', '2115 103152 1000 10000 9353464726728')
NETGEN_27;('"..\\netgen\\netgen"', '2247882168314 1 2470 1 1 43707 1 10000 73566 0 0 100 100 1 1000')
GRIDGEN_30;('"..\\gridgen\\gridgen"', '1 8771495998664 3133 26 2227 849 47 284698 1 1 10000 1 1 1000')
GOTO_30;('"..\\goto\\goto"', '2121 163003 1000 10000 7261281153461')
GOTO_31;('"..\\goto\\goto"', '3311 79355 1000 10000 1225117239751')
GRIDGRAPH_37;('python generate_gridgraph.py 17 82 232 10000 1000 6621909899435', '')
GRIDGEN_31;('"..\\gridgen\\gridgen"', '1 2341554799355 4401 46 505 2276 23 178631 1 1 10000 1 1 1000')
GRIDGEN_32;('"..\\gridgen\\gridgen"', '1 8912665614937 107 8 24 27 35 4009 1 1 10000 1 1 1000')
GRIDGRAPH_38;('python generate_gridgraph.py 7 261 1527 10000 1000 4168125211873', '')
GOTO_32;('"..\\goto\\goto"', '92 895 1000 10000 11737643422196')
GOTO_33;('"..\\goto\\goto"', '3397 71564 1000 10000 5272982847218')
GOTO_34;('"..\\goto\\goto"', '1528 135977 1000 10000 14095500613095')
GRIDGRAPH_39;('python generate_gridgraph.py 24 25 221 10000 1000 1762059693099', '')
GRIDGEN_33;('"..\\gridgen\\gridgen"', '1 11652075772592 1882 35 855 888 56 187201 1 1 10000 1 1 1000')
NETGEN_28;('"..\\netgen\\netgen"', '2039131004176 1 3120 1 1 103832 1 10000 8369 0 0 100 100 1 1000')
NETGEN_29;('"..\\netgen\\netgen"', '13573277086470 1 3644 1 1 38218 1 10000 352487 0 0 100 100 1 1000')
GRIDGRAPH_40;('python generate_gridgraph.py 29 136 1486 10000 1000 3523577203042', '')
NETGEN_30;('"..\\netgen\\netgen"', '6468436014463 1 1595 1 1 196320 1 10000 73275 0 0 100 100 1 1000')
NETGEN_31;('"..\\netgen\\netgen"', '9021615745037 1 3034 1 1 119806 1 10000 240759 0 0 100 100 1 1000')
GRIDGEN_34;('"..\\gridgen\\gridgen"', '1 5846456050237 2702 38 1380 635 47 143009 1 1 10000 1 1 1000')
GRIDGRAPH_41;('python generate_gridgraph.py 55 56 986 10000 1000 16821223855441', '')
NETGEN_32;('"..\\netgen\\netgen"', '12119407154971 1 3036 1 1 17110 1 10000 231659 0 0 100 100 1 1000')
GRIDGEN_35;('"..\\gridgen\\gridgen"', '1 9954880992641 1171 7 323 397 120 29353 1 1 10000 1 1 1000')
GOTO_35;('"..\\goto\\goto"', '1719 101380 1000 10000 1222897392611')
GRIDGRAPH_42;('python generate_gridgraph.py 33 55 540 10000 1000 9513815175749', '')
GOTO_36;('"..\\goto\\goto"', '3763 102746 1000 10000 14726619745037')
GRIDGRAPH_43;('python generate_gridgraph.py 68 70 201 10000 1000 1208077316345', '')
GOTO_37;('"..\\goto\\goto"', '2596 177002 1000 10000 11115433137531')
GRIDGEN_36;('"..\\gridgen\\gridgen"', '1 6011060382197 946 19 373 414 158 59275 1 1 10000 1 1 1000')
GRIDGEN_37;('"..\\gridgen\\gridgen"', '1 13997662134559 4402 19 1394 1847 28 220245 1 1 10000 1 1 1000')
GOTO_38;('"..\\goto\\goto"', '4404 121652 1000 10000 4849324798328')
GRIDGEN_38;('"..\\gridgen\\gridgen"', '1 14683716648070 2485 28 466 810 67 33451 1 1 10000 1 1 1000')
NETGEN_33;('"..\\netgen\\netgen"', '10605571988519 1 3538 1 1 188296 1 10000 7490 0 0 100 100 1 1000')
GOTO_39;('"..\\goto\\goto"', '2340 62577 1000 10000 15277408186822')
GOTO_40;('"..\\goto\\goto"', '2833 140157 1000 10000 825513839407')
GRIDGRAPH_44;('python generate_gridgraph.py 44 58 1610 10000 1000 13532702832133', '')
GOTO_41;('"..\\goto\\goto"', '4016 71016 1000 10000 9382668671372')
GRIDGRAPH_45;('python generate_gridgraph.py 17 25 1487 10000 1000 17065920622244', '')
GOTO_42;('"..\\goto\\goto"', '1465 29064 1000 10000 2012428426072')
NETGEN_35;('"..\\netgen\\netgen"', '8513503017219 1 3687 1 1 12282 1 10000 315481 0 0 100 100 1 1000')
GRIDGRAPH_46;('python generate_gridgraph.py 19 28 452 10000 1000 7270297356766', '')
GRIDGRAPH_47;('python generate_gridgraph.py 8 152 1556 10000 1000 1486694756332', '')
GOTO_43;('"..\\goto\\goto"', '382 13913 1000 10000 8669386005236')
GRIDGEN_39;('"..\\gridgen\\gridgen"', '1 3899450232665 3600 7 1424 997 41 82344 1 1 10000 1 1 1000')
NETGEN_34;('"..\\netgen\\netgen"', '8508576834299 1 892 1 1 119310 1 10000 528 0 0 100 100 1 1000')
GRIDGEN_40;('"..\\gridgen\\gridgen"', '1 2486577922111 2213 46 628 729 20 67510 1 1 10000 1 1 1000')
GRIDGEN_42;('"..\\gridgen\\gridgen"', '1 12148476758633 2524 24 1727 576 62 16339 1 1 10000 1 1 1000')
GRIDGEN_41;('"..\\gridgen\\gridgen"', '1 6306293972852 4193 19 348 813 44 324599 1 1 10000 1 1 1000')
GOTO_44;('"..\\goto\\goto"', '40 325 1000 10000 9613380965663')
GRIDGEN_43;('"..\\gridgen\\gridgen"', '1 14140708272417 2616 23 788 673 66 182889 1 1 10000 1 1 1000')
GRIDGEN_45;('"..\\gridgen\\gridgen"', '1 11731354274445 1530 19 138 991 23 98830 1 1 10000 1 1 1000')
GRIDGEN_44;('"..\\gridgen\\gridgen"', '1 11071972723973 1284 30 536 510 65 39849 1 1 10000 1 1 1000')
GRIDGEN_46;('"..\\gridgen\\gridgen"', '1 11394611383129 3691 17 73 1002 34 36777 1 1 10000 1 1 1000')
GOTO_46;('"..\\goto\\goto"', '1087 41362 1000 10000 3353155022870')
GOTO_45;('"..\\goto\\goto"', '1963 110429 1000 10000 11611341868530')
NETGEN_36;('"..\\netgen\\netgen"', '4232569360321 1 3874 1 1 104526 1 10000 34925 0 0 100 100 1 1000')
NETGEN_37;('"..\\netgen\\netgen"', '11427107144939 1 4449 1 1 114052 1 10000 291669 0 0 100 100 1 1000')
GRIDGEN_47;('"..\\gridgen\\gridgen"', '1 16555700326216 179 10 140 31 162 366 1 1 10000 1 1 1000')
GRIDGEN_48;('"..\\gridgen\\gridgen"', '1 14502131888067 3809 16 42 1700 3 189341 1 1 10000 1 1 1000')
GOTO_47;('"..\\goto\\goto"', '566 7742 1000 10000 9736491101784')
GRIDGEN_50;('"..\\gridgen\\gridgen"', '1 9142718131071 4669 30 2220 1315 12 213054 1 1 10000 1 1 1000')
GRIDGEN_49;('"..\\gridgen\\gridgen"', '1 3887786276461 2504 31 1441 844 53 160538 1 1 10000 1 1 1000')
NETGEN_39;('"..\\netgen\\netgen"', '11615949889959 1 690 1 1 170010 1 10000 55174 0 0 100 100 1 1000')
GRIDGRAPH_48;('python generate_gridgraph.py 38 62 387 10000 1000 10736127743958', '')
NETGEN_40;('"..\\netgen\\netgen"', '11575864206444 1 4620 1 1 134876 1 10000 233388 0 0 100 100 1 1000')
NETGEN_41;('"..\\netgen\\netgen"', '4521000997235 1 3096 1 1 115688 1 10000 253311 0 0 100 100 1 1000')
NETGEN_42;('"..\\netgen\\netgen"', '3295082618963 1 4092 1 1 52051 1 10000 132905 0 0 100 100 1 1000')
NETGEN_38;('"..\\netgen\\netgen"', '8457142410034 1 4114 1 1 109350 1 10000 162525 0 0 100 100 1 1000')
GOTO_48;('"..\\goto\\goto"', '3616 71134 1000 10000 2206414055760')
GRIDGEN_52;('"..\\gridgen\\gridgen"', '1 13951353755368 4402 7 1058 2196 38 316919 1 1 10000 1 1 1000')
GRIDGEN_51;('"..\\gridgen\\gridgen"', '1 5590836172824 3118 16 1803 3 52 157914 1 1 10000 1 1 1000')
GOTO_50;('"..\\goto\\goto"', '782 6587 1000 10000 13653474827795')
GOTO_49;('"..\\goto\\goto"', '4911 144891 1000 10000 4655832677109')
GRIDGRAPH_49;('python generate_gridgraph.py 18 135 394 10000 1000 13822920855520', '')
GRIDGEN_53;('"..\\gridgen\\gridgen"', '1 8211905879386 2207 29 649 688 75 83886 1 1 10000 1 1 1000')
NETGEN_43;('"..\\netgen\\netgen"', '7971169738422 1 1220 1 1 96716 1 10000 61853 0 0 100 100 1 1000')
GOTO_52;('"..\\goto\\goto"', '2448 174994 1000 10000 1031841582362')
NETGEN_44;('"..\\netgen\\netgen"', '16287004114512 1 1532 1 1 85178 1 10000 138461 0 0 100 100 1 1000')
GOTO_53;('"..\\goto\\goto"', '4059 197915 1000 10000 5152342763222')
GRIDGRAPH_50;('python generate_gridgraph.py 16 124 946 10000 1000 4817580887546', '')
GRIDGEN_54;('"..\\gridgen\\gridgen"', '1 7845210233144 2919 10 71 1030 21 3155 1 1 10000 1 1 1000')
GRIDGRAPH_51;('python generate_gridgraph.py 24 125 872 10000 1000 7724657176548', '')
GOTO_51;('"..\\goto\\goto"', '1705 135292 1000 10000 10698631420582')
GRIDGRAPH_52;('python generate_gridgraph.py 9 176 1117 10000 1000 15857173775297', '')
GRIDGRAPH_53;('python generate_gridgraph.py 21 129 981 10000 1000 6427997994207', '')
GRIDGRAPH_54;('python generate_gridgraph.py 9 209 1501 10000 1000 15254153942054', '')
NETGEN_45;('"..\\netgen\\netgen"', '14677479253154 1 1804 1 1 149957 1 10000 136000 0 0 100 100 1 1000')
GRIDGEN_55;('"..\\gridgen\\gridgen"', '1 2796546548644 3858 33 539 1842 51 248565 1 1 10000 1 1 1000')
GOTO_55;('"..\\goto\\goto"', '4979 199004 1000 10000 8216003846296')
GRIDGRAPH_55;('python generate_gridgraph.py 16 50 655 10000 1000 6675940186007', '')
GOTO_54;('"..\\goto\\goto"', '4433 99488 1000 10000 2358369293698')
GRIDGRAPH_56;('python generate_gridgraph.py 5 950 956 10000 1000 6454801822628', '')
GRIDGEN_56;('"..\\gridgen\\gridgen"', '1 8318084867122 4059 62 1496 1177 23 16985 1 1 10000 1 1 1000')
GRIDGEN_57;('"..\\gridgen\\gridgen"', '1 12703928111384 3887 18 235 383 36 339657 1 1 10000 1 1 1000')
GRIDGEN_58;('"..\\gridgen\\gridgen"', '1 6294746955007 126 5 13 111 13 1203 1 1 10000 1 1 1000')
GOTO_56;('"..\\goto\\goto"', '4568 103195 1000 10000 4281234771381')
GRIDGRAPH_57;('python generate_gridgraph.py 26 173 1363 10000 1000 12307805469787', '')
GRIDGEN_59;('"..\\gridgen\\gridgen"', '1 3079479517052 3982 27 441 2199 29 386872 1 1 10000 1 1 1000')
NETGEN_46;('"..\\netgen\\netgen"', '10714408463447 1 357 1 1 38705 1 10000 8263 0 0 100 100 1 1000')
GOTO_57;('"..\\goto\\goto"', '2070 132686 1000 10000 5169723451916')
GRIDGEN_60;('"..\\gridgen\\gridgen"', '1 589151664427 3888 28 607 1340 4 315667 1 1 10000 1 1 1000')
GRIDGEN_61;('"..\\gridgen\\gridgen"', '1 9960559927474 316 5 140 80 99 23078 1 1 10000 1 1 1000')
GOTO_58;('"..\\goto\\goto"', '3572 141310 1000 10000 11783894265217')
GRIDGEN_62;('"..\\gridgen\\gridgen"', '1 5441619680925 1120 10 225 420 25 102874 1 1 10000 1 1 1000')
GRIDGEN_63;('"..\\gridgen\\gridgen"', '1 10947848817560 2753 50 1759 245 64 49532 1 1 10000 1 1 1000')
GRIDGRAPH_58;('python generate_gridgraph.py 31 105 1394 10000 1000 989624453671', '')
GRIDGRAPH_59;('python generate_gridgraph.py 30 112 1050 10000 1000 14313825215586', '')
GOTO_60;('"..\\goto\\goto"', '70 544 1000 10000 8105441416569')
GRIDGEN_64;('"..\\gridgen\\gridgen"', '1 17047018777405 3036 32 404 721 52 86160 1 1 10000 1 1 1000')
GOTO_61;('"..\\goto\\goto"', '782 35975 1000 10000 3733946467772')
GRIDGRAPH_60;('python generate_gridgraph.py 16 220 1239 10000 1000 192339198814', '')
GRIDGEN_65;('"..\\gridgen\\gridgen"', '1 7832063167029 1742 26 1087 254 12 145690 1 1 10000 1 1 1000')
GOTO_59;('"..\\goto\\goto"', '1757 180793 1000 10000 16350869552561')
GRIDGEN_66;('"..\\gridgen\\gridgen"', '1 814369262790 476 11 290 108 246 26338 1 1 10000 1 1 1000')
NETGEN_47;('"..\\netgen\\netgen"', '3180606484953 1 2528 1 1 48991 1 10000 90461 0 0 100 100 1 1000')
GRIDGRAPH_61;('python generate_gridgraph.py 16 23 1491 10000 1000 8333148848980', '')
NETGEN_48;('"..\\netgen\\netgen"', '1574455013229 1 3963 1 1 158914 1 10000 71502 0 0 100 100 1 1000')
GOTO_63;('"..\\goto\\goto"', '2328 86978 1000 10000 4207455710116')
GOTO_64;('"..\\goto\\goto"', '2229 180548 1000 10000 8707373834413')
GRIDGEN_67;('"..\\gridgen\\gridgen"', '1 12540970569948 1343 15 482 261 21 69938 1 1 10000 1 1 1000')
NETGEN_49;('"..\\netgen\\netgen"', '3458069588903 1 3206 1 1 187386 1 10000 224325 0 0 100 100 1 1000')
GRIDGEN_68;('"..\\gridgen\\gridgen"', '1 7749142463856 4305 34 2925 692 29 199870 1 1 10000 1 1 1000')
NETGEN_50;('"..\\netgen\\netgen"', '10115964794234 1 2935 1 1 87962 1 10000 291232 0 0 100 100 1 1000')
GRIDGEN_69;('"..\\gridgen\\gridgen"', '1 1519836549953 3362 5 1009 846 4 102715 1 1 10000 1 1 1000')
GRIDGRAPH_62;('python generate_gridgraph.py 9 475 422 10000 1000 8337795208309', '')
GRIDGEN_70;('"..\\gridgen\\gridgen"', '1 16602474240456 3118 35 595 873 23 196332 1 1 10000 1 1 1000')
GRIDGEN_71;('"..\\gridgen\\gridgen"', '1 2332561310555 2029 37 948 85 22 39465 1 1 10000 1 1 1000')
GRIDGRAPH_63;('python generate_gridgraph.py 13 39 1943 10000 1000 2789073974350', '')
NETGEN_51;('"..\\netgen\\netgen"', '13507383400419 1 3384 1 1 18442 1 10000 70137 0 0 100 100 1 1000')
NETGEN_52;('"..\\netgen\\netgen"', '13010782085663 1 217 1 1 37853 1 10000 4326 0 0 100 100 1 1000')
NETGEN_53;('"..\\netgen\\netgen"', '14262093903769 1 1233 1 1 19073 1 10000 102721 0 0 100 100 1 1000')
GRIDGRAPH_64;('python generate_gridgraph.py 14 103 1679 10000 1000 12815967431343', '')
NETGEN_54;('"..\\netgen\\netgen"', '13602516629462 1 4957 1 1 123112 1 10000 425930 0 0 100 100 1 1000')
GRIDGRAPH_65;('python generate_gridgraph.py 5 659 1617 10000 1000 2007992199682', '')
GRIDGEN_72;('"..\\gridgen\\gridgen"', '1 10242549217454 3189 32 189 2362 42 147876 1 1 10000 1 1 1000')
GOTO_65;('"..\\goto\\goto"', '1875 49745 1000 10000 3867782765866')
NETGEN_55;('"..\\netgen\\netgen"', '10699948273643 1 829 1 1 115312 1 10000 64188 0 0 100 100 1 1000')
GOTO_66;('"..\\goto\\goto"', '2391 62680 1000 10000 16434181602949')
GOTO_67;('"..\\goto\\goto"', '466 6639 1000 10000 13840338426814')
GOTO_68;('"..\\goto\\goto"', '1548 107909 1000 10000 11891061511001')
GRIDGEN_73;('"..\\gridgen\\gridgen"', '1 16409822586883 108 6 48 34 98 3086 1 1 10000 1 1 1000')
NETGEN_56;('"..\\netgen\\netgen"', '12946355663397 1 2783 1 1 47897 1 10000 112935 0 0 100 100 1 1000')
GRIDGRAPH_66;('python generate_gridgraph.py 49 101 1306 10000 1000 15803706602138', '')
GRIDGRAPH_67;('python generate_gridgraph.py 12 77 1063 10000 1000 4267430321237', '')
GOTO_69;('"..\\goto\\goto"', '1617 33034 1000 10000 4560909680473')
GRIDGRAPH_68;('python generate_gridgraph.py 31 95 1704 10000 1000 10564038927931', '')
GOTO_70;('"..\\goto\\goto"', '4416 180547 1000 10000 12715369304844')
GOTO_71;('"..\\goto\\goto"', '4365 62289 1000 10000 1549122741221')
NETGEN_57;('"..\\netgen\\netgen"', '10521079667160 1 2639 1 1 138017 1 10000 43570 0 0 100 100 1 1000')
GRIDGRAPH_69;('python generate_gridgraph.py 36 91 1278 10000 1000 9335527788656', '')
GOTO_72;('"..\\goto\\goto"', '4835 105478 1000 10000 1664343036239')
NETGEN_58;('"..\\netgen\\netgen"', '1650860591810 1 4989 1 1 151197 1 10000 80458 0 0 100 100 1 1000')
NETGEN_59;('"..\\netgen\\netgen"', '1266834643147 1 205 1 1 8706 1 10000 12748 0 0 100 100 1 1000')
GOTO_73;('"..\\goto\\goto"', '4813 75929 1000 10000 14176047331872')
GRIDGRAPH_70;('python generate_gridgraph.py 22 43 1345 10000 1000 998571477532', '')
GOTO_74;('"..\\goto\\goto"', '3440 127044 1000 10000 6350267322742')
NETGEN_60;('"..\\netgen\\netgen"', '4922304376892 1 965 1 1 136338 1 10000 48117 0 0 100 100 1 1000')
GOTO_75;('"..\\goto\\goto"', '2629 21685 1000 10000 10836386616803')
GRIDGRAPH_71;('python generate_gridgraph.py 25 137 811 10000 1000 13922928915429', '')
GOTO_76;('"..\\goto\\goto"', '4941 57249 1000 10000 12041614558743')
GOTO_77;('"..\\goto\\goto"', '4873 154745 1000 10000 15729244451677')
GRIDGRAPH_72;('python generate_gridgraph.py 41 78 41 10000 1000 16910753455780', '')
GRIDGEN_74;('"..\\gridgen\\gridgen"', '1 14932310576581 1751 20 710 382 38 140763 1 1 10000 1 1 1000')
NETGEN_61;('"..\\netgen\\netgen"', '3386619385425 1 3975 1 1 192419 1 10000 391592 0 0 100 100 1 1000')
GRIDGEN_75;('"..\\gridgen\\gridgen"', '1 14914522574574 2033 8 983 12 50 3932 1 1 10000 1 1 1000')
GRIDGRAPH_73;('python generate_gridgraph.py 28 50 1603 10000 1000 12967135486048', '')
NETGEN_62;('"..\\netgen\\netgen"', '1418132193792 1 3785 1 1 67064 1 10000 141952 0 0 100 100 1 1000')
GRIDGRAPH_74;('python generate_gridgraph.py 39 39 221 10000 1000 10654416011556', '')
GOTO_78;('"..\\goto\\goto"', '3953 86560 1000 10000 12392694878094')
GOTO_79;('"..\\goto\\goto"', '2523 84530 1000 10000 15951470794195')
GOTO_80;('"..\\goto\\goto"', '746 36606 1000 10000 5991069587220')
GRIDGRAPH_75;('python generate_gridgraph.py 15 36 3 10000 1000 6363855198279', '')
NETGEN_63;('"..\\netgen\\netgen"', '9299409012996 1 2195 1 1 27578 1 10000 63857 0 0 100 100 1 1000')
GRIDGEN_76;('"..\\gridgen\\gridgen"', '1 15604624531107 3551 26 1894 610 52 278227 1 1 10000 1 1 1000')
GRIDGRAPH_76;('python generate_gridgraph.py 39 60 1318 10000 1000 14274652164492', '')
NETGEN_64;('"..\\netgen\\netgen"', '2737494188981 1 1836 1 1 154981 1 10000 2088 0 0 100 100 1 1000')
GRIDGEN_77;('"..\\gridgen\\gridgen"', '1 16014412349804 4627 16 2357 2040 36 390085 1 1 10000 1 1 1000')
GRIDGEN_78;('"..\\gridgen\\gridgen"', '1 13049721633052 57 7 23 1 5 5430 1 1 10000 1 1 1000')
NETGEN_65;('"..\\netgen\\netgen"', '17040775250048 1 3942 1 1 129417 1 10000 191363 0 0 100 100 1 1000')
GRIDGRAPH_77;('python generate_gridgraph.py 33 131 216 10000 1000 3199468205737', '')
NETGEN_66;('"..\\netgen\\netgen"', '51283684021 1 614 1 1 13834 1 10000 30374 0 0 100 100 1 1000')
NETGEN_67;('"..\\netgen\\netgen"', '16314084335806 1 3727 1 1 32487 1 10000 195127 0 0 100 100 1 1000')
GOTO_81;('"..\\goto\\goto"', '2948 29135 1000 10000 748167052593')
NETGEN_68;('"..\\netgen\\netgen"', '12173417042533 1 4489 1 1 82833 1 10000 74233 0 0 100 100 1 1000')
GRIDGRAPH_78;('python generate_gridgraph.py 68 70 335 10000 1000 10077411260333', '')
GRIDGEN_79;('"..\\gridgen\\gridgen"', '1 13034134450958 4453 6 2092 261 2 51890 1 1 10000 1 1 1000')
GRIDGRAPH_79;('python generate_gridgraph.py 5 181 781 10000 1000 13767865218159', '')
GRIDGEN_80;('"..\\gridgen\\gridgen"', '1 107270855329 4468 27 1924 623 32 366495 1 1 10000 1 1 1000')
GOTO_62;('"..\\goto\\goto"', '1651 187128 1000 10000 13359008000532')
NETGEN_69;('"..\\netgen\\netgen"', '11172405745280 1 1390 1 1 66422 1 10000 134263 0 0 100 100 1 1000')
GRIDGEN_81;('"..\\gridgen\\gridgen"', '1 16849072729873 4537 35 2091 1231 36 279789 1 1 10000 1 1 1000')
GOTO_82;('"..\\goto\\goto"', '1736 100352 1000 10000 1291521929700')
NETGEN_70;('"..\\netgen\\netgen"', '11150955392583 1 2943 1 1 86518 1 10000 43354 0 0 100 100 1 1000')
NETGEN_71;('"..\\netgen\\netgen"', '10531945733700 1 2954 1 1 85140 1 10000 89258 0 0 100 100 1 1000')
GRIDGEN_82;('"..\\gridgen\\gridgen"', '1 5980367820737 1430 21 548 404 52 67683 1 1 10000 1 1 1000')
GRIDGEN_83;('"..\\gridgen\\gridgen"', '1 3956177738704 3338 12 1119 661 32 184250 1 1 10000 1 1 1000')
NETGEN_72;('"..\\netgen\\netgen"', '15914401795615 1 1777 1 1 102116 1 10000 101105 0 0 100 100 1 1000')
GRIDGRAPH_81;('python generate_gridgraph.py 23 187 933 10000 1000 13569480763253', '')
GRIDGRAPH_82;('python generate_gridgraph.py 22 39 1362 10000 1000 4640295876224', '')
GOTO_83;('"..\\goto\\goto"', '1163 30195 1000 10000 11251538922018')
GRIDGRAPH_83;('python generate_gridgraph.py 7 36 386 10000 1000 6184857593525', '')
GRIDGRAPH_84;('python generate_gridgraph.py 25 172 817 10000 1000 5961602769030', '')
GRIDGRAPH_85;('python generate_gridgraph.py 20 243 446 10000 1000 11650047797504', '')
GRIDGRAPH_86;('python generate_gridgraph.py 28 172 1632 10000 1000 15414225823608', '')
GOTO_84;('"..\\goto\\goto"', '3324 93214 1000 10000 14498680023063')
GRIDGEN_84;('"..\\gridgen\\gridgen"', '1 11720207349062 688 11 107 204 258 62861 1 1 10000 1 1 1000')
GRIDGRAPH_87;('python generate_gridgraph.py 23 135 7 10000 1000 1557410946434', '')
NETGEN_73;('"..\\netgen\\netgen"', '15347967602337 1 4988 1 1 147556 1 10000 267435 0 0 100 100 1 1000')
GRIDGEN_85;('"..\\gridgen\\gridgen"', '1 7607073551130 870 6 243 517 2 21134 1 1 10000 1 1 1000')
GOTO_85;('"..\\goto\\goto"', '669 22660 1000 10000 6572028448951')
GRIDGRAPH_88;('python generate_gridgraph.py 36 71 1883 10000 1000 9411309542346', '')
NETGEN_74;('"..\\netgen\\netgen"', '1442894485670 1 1447 1 1 5816 1 10000 28994 0 0 100 100 1 1000')
GRIDGRAPH_80;('python generate_gridgraph.py 31 153 166 10000 1000 1100817211033', '')
GRIDGRAPH_89;('python generate_gridgraph.py 39 41 1948 10000 1000 6581991836512', '')
GRIDGEN_86;('"..\\gridgen\\gridgen"', '1 10716090065506 2901 33 1138 935 29 211404 1 1 10000 1 1 1000')
GOTO_86;('"..\\goto\\goto"', '3093 154739 1000 10000 4837172610581')
GOTO_87;('"..\\goto\\goto"', '1107 24689 1000 10000 14196012292584')
NETGEN_76;('"..\\netgen\\netgen"', '8343907697862 1 1447 1 1 104697 1 10000 133547 0 0 100 100 1 1000')
NETGEN_75;('"..\\netgen\\netgen"', '4138843097386 1 1181 1 1 15586 1 10000 94151 0 0 100 100 1 1000')
GOTO_88;('"..\\goto\\goto"', '4388 91605 1000 10000 1417794183064')
GRIDGEN_87;('"..\\gridgen\\gridgen"', '1 11621339273711 1797 28 121 928 8 9512 1 1 10000 1 1 1000')
GRIDGRAPH_91;('python generate_gridgraph.py 6 97 1629 10000 1000 12980716939255', '')
GRIDGRAPH_90;('python generate_gridgraph.py 38 53 607 10000 1000 13937752839281', '')
GRIDGRAPH_93;('python generate_gridgraph.py 24 159 1540 10000 1000 8734751987964', '')
GRIDGRAPH_92;('python generate_gridgraph.py 45 77 1989 10000 1000 10840810358910', '')
GRIDGEN_89;('"..\\gridgen\\gridgen"', '1 7906782013401 3679 12 2161 1369 37 166771 1 1 10000 1 1 1000')
GRIDGEN_88;('"..\\gridgen\\gridgen"', '1 69154487274 2582 22 1152 780 67 218743 1 1 10000 1 1 1000')
GRIDGEN_90;('"..\\gridgen\\gridgen"', '1 6961985554296 4171 58 1839 227 20 312496 1 1 10000 1 1 1000')
GOTO_89;('"..\\goto\\goto"', '3846 106064 1000 10000 14356144062670')
NETGEN_77;('"..\\netgen\\netgen"', '15146506604110 1 3631 1 1 125445 1 10000 108151 0 0 100 100 1 1000')
GRIDGEN_91;('"..\\gridgen\\gridgen"', '1 13500437144686 3395 6 1616 434 26 62148 1 1 10000 1 1 1000')
GRIDGEN_92;('"..\\gridgen\\gridgen"', '1 13568722089405 3976 25 2032 1899 29 24148 1 1 10000 1 1 1000')
GOTO_90;('"..\\goto\\goto"', '2558 48558 1000 10000 10311262410233')
NETGEN_78;('"..\\netgen\\netgen"', '7479474824972 1 4840 1 1 140612 1 10000 169469 0 0 100 100 1 1000')
GRIDGRAPH_95;('python generate_gridgraph.py 17 49 432 10000 1000 3354942843804', '')
GRIDGRAPH_96;('python generate_gridgraph.py 24 27 53 10000 1000 4607496097119', '')
GRIDGEN_93;('"..\\gridgen\\gridgen"', '1 5029763632970 4145 55 2010 2110 39 179201 1 1 10000 1 1 1000')
NETGEN_79;('"..\\netgen\\netgen"', '4586814081936 1 2252 1 1 117097 1 10000 89893 0 0 100 100 1 1000')
GRIDGRAPH_97;('python generate_gridgraph.py 39 42 728 10000 1000 10200073743078', '')
GRIDGEN_94;('"..\\gridgen\\gridgen"', '1 10041580710705 2582 44 1473 53 13 66506 1 1 10000 1 1 1000')
GRIDGEN_95;('"..\\gridgen\\gridgen"', '1 7891673786806 1271 15 581 573 28 5853 1 1 10000 1 1 1000')
GRIDGRAPH_98;('python generate_gridgraph.py 47 56 1800 10000 1000 14803882203226', '')
GRIDGRAPH_99;('python generate_gridgraph.py 9 432 263 10000 1000 1622306283428', '')
GRIDGRAPH_94;('python generate_gridgraph.py 11 58 624 10000 1000 7879154052672', '')
GRIDGEN_96;('"..\\gridgen\\gridgen"', '1 7193371553208 2968 43 1268 1060 14 166711 1 1 10000 1 1 1000')
GRIDGEN_98;('"..\\gridgen\\gridgen"', '1 12475850647995 3231 34 827 1465 7 3684 1 1 10000 1 1 1000')
GRIDGEN_99;('"..\\gridgen\\gridgen"', '1 15612221689542 2632 41 1130 797 69 125852 1 1 10000 1 1 1000')
GRIDGEN_97;('"..\\gridgen\\gridgen"', '1 10842969761512 3903 41 1428 889 45 327978 1 1 10000 1 1 1000')
GOTO_91;('"..\\goto\\goto"', '2769 118245 1000 10000 9239958308645')
GOTO_92;('"..\\goto\\goto"', '2226 34287 1000 10000 2574321773026')
GRIDGRAPH_100;('python generate_gridgraph.py 37 105 368 10000 1000 4004722608258', '')
NETGEN_80;('"..\\netgen\\netgen"', '2402152995823 1 4609 1 1 185281 1 10000 78104 0 0 100 100 1 1000')
GOTO_93;('"..\\goto\\goto"', '1807 37388 1000 10000 6103579034498')
NETGEN_81;('"..\\netgen\\netgen"', '4050334884604 1 4635 1 1 122994 1 10000 310042 0 0 100 100 1 1000')
GRIDGRAPH_101;('python generate_gridgraph.py 31 43 462 10000 1000 9797405909763', '')
NETGEN_82;('"..\\netgen\\netgen"', '12254756351526 1 116 1 1 1997 1 10000 1069 0 0 100 100 1 1000')
GOTO_94;('"..\\goto\\goto"', '276 4345 1000 10000 397138529225')
GRIDGEN_100;('"..\\gridgen\\gridgen"', '1 7695671328421 4216 28 275 2341 27 219509 1 1 10000 1 1 1000')
NETGEN_83;('"..\\netgen\\netgen"', '5618533771353 1 2169 1 1 12677 1 10000 18460 0 0 100 100 1 1000')
GRIDGRAPH_102;('python generate_gridgraph.py 34 146 1102 10000 1000 15707901177790', '')
GRIDGRAPH_103;('python generate_gridgraph.py 7 564 1826 10000 1000 9550841092558', '')
GRIDGEN_101;('"..\\gridgen\\gridgen"', '1 4612106374829 3527 59 347 1604 44 322097 1 1 10000 1 1 1000')
GRIDGEN_102;('"..\\gridgen\\gridgen"', '1 11264753477645 1804 28 560 866 92 40255 1 1 10000 1 1 1000')
GOTO_95;('"..\\goto\\goto"', '4165 123584 1000 10000 12097935561064')
GRIDGRAPH_105;('python generate_gridgraph.py 34 37 1163 10000 1000 5349502051933', '')
GOTO_96;('"..\\goto\\goto"', '2472 52330 1000 10000 9659872575798')
GRIDGEN_103;('"..\\gridgen\\gridgen"', '1 12331341000890 1068 30 103 483 161 36905 1 1 10000 1 1 1000')
NETGEN_84;('"..\\netgen\\netgen"', '8701377875834 1 172 1 1 2622 1 10000 6651 0 0 100 100 1 1000')
GRIDGEN_104;('"..\\gridgen\\gridgen"', '1 2120992983843 1183 31 337 287 63 42800 1 1 10000 1 1 1000')
NETGEN_85;('"..\\netgen\\netgen"', '6156528118233 1 3026 1 1 63528 1 10000 79017 0 0 100 100 1 1000')
GRIDGEN_105;('"..\\gridgen\\gridgen"', '1 1180821514819 375 17 21 320 120 2110 1 1 10000 1 1 1000')
NETGEN_86;('"..\\netgen\\netgen"', '9526477338175 1 2717 1 1 19459 1 10000 65668 0 0 100 100 1 1000')
GRIDGRAPH_106;('python generate_gridgraph.py 31 76 461 10000 1000 4239614699008', '')
GOTO_97;('"..\\goto\\goto"', '3389 119882 1000 10000 7685113320754')
GRIDGEN_106;('"..\\gridgen\\gridgen"', '1 6829958931600 2671 30 1057 620 32 15376 1 1 10000 1 1 1000')
GRIDGEN_107;('"..\\gridgen\\gridgen"', '1 7756813453650 2399 41 339 804 22 121045 1 1 10000 1 1 1000')
GOTO_98;('"..\\goto\\goto"', '3497 66791 1000 10000 7821872694383')
GRIDGRAPH_104;('python generate_gridgraph.py 16 240 74 10000 1000 9558424521285', '')
GOTO_99;('"..\\goto\\goto"', '929 52066 1000 10000 4694238473866')
GOTO_100;('"..\\goto\\goto"', '2709 30161 1000 10000 9683319850400')
GRIDGRAPH_107;('python generate_gridgraph.py 28 90 1052 10000 1000 4126212226453', '')
NETGEN_87;('"..\\netgen\\netgen"', '2782638164605 1 4997 1 1 134829 1 10000 289459 0 0 100 100 1 1000')
GRIDGEN_108;('"..\\gridgen\\gridgen"', '1 4128398858156 770 24 265 181 78 149 1 1 10000 1 1 1000')
NETGEN_88;('"..\\netgen\\netgen"', '8536729071827 1 1135 1 1 101589 1 10000 59338 0 0 100 100 1 1000')
NETGEN_89;('"..\\netgen\\netgen"', '4107506393750 1 2835 1 1 71593 1 10000 43614 0 0 100 100 1 1000')
GRIDGRAPH_108;('python generate_gridgraph.py 13 139 30 10000 1000 16648527368422', '')
GRIDGRAPH_109;('python generate_gridgraph.py 58 82 13 10000 1000 5967617349404', '')
GOTO_101;('"..\\goto\\goto"', '1956 16790 1000 10000 6365210611274')
GOTO_102;('"..\\goto\\goto"', '1422 71627 1000 10000 5256801199326')
GRIDGEN_109;('"..\\gridgen\\gridgen"', '1 15502901951523 970 7 278 482 122 20596 1 1 10000 1 1 1000')
GOTO_103;('"..\\goto\\goto"', '1256 115031 1000 10000 15904131225994')
GRIDGEN_110;('"..\\gridgen\\gridgen"', '1 15486412088132 530 11 215 159 220 7099 1 1 10000 1 1 1000')
GRIDGRAPH_110;('python generate_gridgraph.py 6 720 1689 10000 1000 6047897309376', '')
GRIDGEN_111;('"..\\gridgen\\gridgen"', '1 15307525045705 2889 22 976 1050 14 276353 1 1 10000 1 1 1000')
GOTO_104;('"..\\goto\\goto"', '1193 119239 1000 10000 669546693929')
GRIDGRAPH_112;('python generate_gridgraph.py 16 32 726 10000 1000 13684068720272', '')
GRIDGRAPH_113;('python generate_gridgraph.py 15 236 1426 10000 1000 8724051944438', '')
GRIDGEN_112;('"..\\gridgen\\gridgen"', '1 11523512739310 2911 6 1152 958 21 18353 1 1 10000 1 1 1000')
GRIDGEN_113;('"..\\gridgen\\gridgen"', '1 5419915543567 3795 57 1073 664 8 221529 1 1 10000 1 1 1000')
NETGEN_90;('"..\\netgen\\netgen"', '3648857084012 1 4538 1 1 82420 1 10000 154600 0 0 100 100 1 1000')
GOTO_105;('"..\\goto\\goto"', '3083 105931 1000 10000 8969396709844')
GRIDGRAPH_114;('python generate_gridgraph.py 31 41 1578 10000 1000 13339600653076', '')
GRIDGRAPH_115;('python generate_gridgraph.py 6 85 348 10000 1000 12398827720456', '')
GRIDGRAPH_116;('python generate_gridgraph.py 38 46 1426 10000 1000 5935314754826', '')
GRIDGRAPH_117;('python generate_gridgraph.py 43 108 671 10000 1000 13328285885137', '')
GRIDGEN_114;('"..\\gridgen\\gridgen"', '1 15827299740670 1617 14 454 132 53 132484 1 1 10000 1 1 1000')
GRIDGEN_115;('"..\\gridgen\\gridgen"', '1 16056340065331 4809 52 556 2625 14 123924 1 1 10000 1 1 1000')
GOTO_106;('"..\\goto\\goto"', '113 873 1000 10000 3684838957693')
GRIDGEN_116;('"..\\gridgen\\gridgen"', '1 15082872655212 2962 30 823 669 4 178898 1 1 10000 1 1 1000')
GRIDGRAPH_118;('python generate_gridgraph.py 6 23 587 10000 1000 8652086795206', '')
NETGEN_91;('"..\\netgen\\netgen"', '9508471292709 1 51 1 1 1685 1 10000 3486 0 0 100 100 1 1000')
GOTO_107;('"..\\goto\\goto"', '1026 60633 1000 10000 11795140448010')
GOTO_108;('"..\\goto\\goto"', '4641 29331 1000 10000 694084965562')
GOTO_109;('"..\\goto\\goto"', '880 32574 1000 10000 239915698887')
GRIDGRAPH_111;('python generate_gridgraph.py 50 99 60 10000 1000 13940465014984', '')
GOTO_110;('"..\\goto\\goto"', '2659 99896 1000 10000 2546387950474')
GRIDGRAPH_119;('python generate_gridgraph.py 11 15 854 10000 1000 14576392701325', '')
GRIDGEN_117;('"..\\gridgen\\gridgen"', '1 9301315908159 3439 45 771 2045 29 101462 1 1 10000 1 1 1000')
GRIDGEN_118;('"..\\gridgen\\gridgen"', '1 16768243732481 3940 29 1091 2148 34 232762 1 1 10000 1 1 1000')
GRIDGRAPH_120;('python generate_gridgraph.py 6 792 68 10000 1000 8931460488364', '')
GRIDGEN_119;('"..\\gridgen\\gridgen"', '1 4776875296370 1722 10 188 731 66 13375 1 1 10000 1 1 1000')
GOTO_111;('"..\\goto\\goto"', '1570 89070 1000 10000 8303069120169')
GRIDGRAPH_121;('python generate_gridgraph.py 10 325 1965 10000 1000 5178532159651', '')
GRIDGRAPH_122;('python generate_gridgraph.py 49 93 1543 10000 1000 3089120606322', '')
GRIDGEN_120;('"..\\gridgen\\gridgen"', '1 14309229221962 4369 20 159 2279 15 346491 1 1 10000 1 1 1000')
NETGEN_92;('"..\\netgen\\netgen"', '10345602779398 1 118 1 1 5384 1 10000 1653 0 0 100 100 1 1000')
GOTO_113;('"..\\goto\\goto"', '373 12554 1000 10000 15647621511455')
NETGEN_93;('"..\\netgen\\netgen"', '4360511971773 1 3712 1 1 96442 1 10000 44367 0 0 100 100 1 1000')
GOTO_114;('"..\\goto\\goto"', '2918 39631 1000 10000 1446226835831')
GOTO_112;('"..\\goto\\goto"', '3207 191014 1000 10000 16750660246931')
GRIDGRAPH_123;('python generate_gridgraph.py 35 121 1453 10000 1000 11433122060218', '')
GRIDGEN_121;('"..\\gridgen\\gridgen"', '1 12988462431846 974 30 189 653 202 64989 1 1 10000 1 1 1000')
GRIDGEN_122;('"..\\gridgen\\gridgen"', '1 11169327309058 766 9 326 91 185 50485 1 1 10000 1 1 1000')
GOTO_115;('"..\\goto\\goto"', '688 46300 1000 10000 15149319136276')
GRIDGRAPH_125;('python generate_gridgraph.py 56 56 916 10000 1000 867108710731', '')
GRIDGRAPH_124;('python generate_gridgraph.py 49 62 697 10000 1000 5094570773152', '')
GRIDGRAPH_126;('python generate_gridgraph.py 12 292 1586 10000 1000 15378775711951', '')
GRIDGRAPH_127;('python generate_gridgraph.py 23 58 1850 10000 1000 10026432740237', '')
GRIDGRAPH_128;('python generate_gridgraph.py 27 175 1910 10000 1000 8974911124143', '')
GRIDGRAPH_129;('python generate_gridgraph.py 18 34 421 10000 1000 981882185873', '')
GRIDGRAPH_130;('python generate_gridgraph.py 23 156 1831 10000 1000 1493229122692', '')
GRIDGRAPH_131;('python generate_gridgraph.py 6 264 930 10000 1000 14694844577317', '')
NETGEN_94;('"..\\netgen\\netgen"', '8171282838209 1 3771 1 1 71753 1 10000 145354 0 0 100 100 1 1000')
GOTO_116;('"..\\goto\\goto"', '3053 81693 1000 10000 8256727702680')
NETGEN_96;('"..\\netgen\\netgen"', '12285704571372 1 1209 1 1 186165 1 10000 84577 0 0 100 100 1 1000')
NETGEN_95;('"..\\netgen\\netgen"', '16393969156686 1 564 1 1 158735 1 10000 40889 0 0 100 100 1 1000')
GRIDGEN_123;('"..\\gridgen\\gridgen"', '1 16514832989880 3834 30 1139 1287 43 64049 1 1 10000 1 1 1000')
GRIDGEN_125;('"..\\gridgen\\gridgen"', '1 13514188312422 390 8 223 27 199 29351 1 1 10000 1 1 1000')
GRIDGEN_124;('"..\\gridgen\\gridgen"', '1 12950530506531 3374 23 1314 987 51 136161 1 1 10000 1 1 1000')
GRIDGEN_127;('"..\\gridgen\\gridgen"', '1 1837122875676 2424 19 332 1599 53 172361 1 1 10000 1 1 1000')
GRIDGEN_126;('"..\\gridgen\\gridgen"', '1 16481146012233 4373 23 1304 1975 32 213390 1 1 10000 1 1 1000')
NETGEN_97;('"..\\netgen\\netgen"', '5040314607221 1 2488 1 1 97059 1 10000 113012 0 0 100 100 1 1000')
NETGEN_98;('"..\\netgen\\netgen"', '1450614415954 1 4714 1 1 84641 1 10000 20422 0 0 100 100 1 1000')
GRIDGEN_128;('"..\\gridgen\\gridgen"', '1 1000773268811 3333 13 555 375 52 227674 1 1 10000 1 1 1000')
GOTO_117;('"..\\goto\\goto"', '648 18800 1000 10000 7998263366387')
GRIDGEN_129;('"..\\gridgen\\gridgen"', '1 2153762197311 1857 41 580 779 7 68937 1 1 10000 1 1 1000')
NETGEN_99;('"..\\netgen\\netgen"', '16107686016076 1 3437 1 1 15961 1 10000 276554 0 0 100 100 1 1000')
GRIDGEN_130;('"..\\gridgen\\gridgen"', '1 873664216163 3559 40 436 1667 18 309955 1 1 10000 1 1 1000')
GRIDGEN_131;('"..\\gridgen\\gridgen"', '1 12631774581696 3112 42 339 1350 48 256016 1 1 10000 1 1 1000')
NETGEN_100;('"..\\netgen\\netgen"', '4915313809701 1 854 1 1 85335 1 10000 20677 0 0 100 100 1 1000')
GRIDGRAPH_132;('python generate_gridgraph.py 25 64 476 10000 1000 6914357126081', '')
NETGEN_102;('"..\\netgen\\netgen"', '10451782061600 1 4228 1 1 61174 1 10000 121838 0 0 100 100 1 1000')
NETGEN_101;('"..\\netgen\\netgen"', '8691194604205 1 2210 1 1 43552 1 10000 15171 0 0 100 100 1 1000')
GOTO_118;('"..\\goto\\goto"', '1739 39150 1000 10000 7481680513503')
NETGEN_103;('"..\\netgen\\netgen"', '12214562167522 1 3884 1 1 159000 1 10000 75679 0 0 100 100 1 1000')
GRIDGEN_132;('"..\\gridgen\\gridgen"', '1 6911381072743 3465 12 2009 217 51 327169 1 1 10000 1 1 1000')
GRIDGEN_133;('"..\\gridgen\\gridgen"', '1 891116612766 2842 42 595 239 49 152534 1 1 10000 1 1 1000')
NETGEN_104;('"..\\netgen\\netgen"', '4082633320275 1 1638 1 1 25399 1 10000 143262 0 0 100 100 1 1000')
NETGEN_105;('"..\\netgen\\netgen"', '307813241779 1 3844 1 1 98007 1 10000 247948 0 0 100 100 1 1000')
GOTO_119;('"..\\goto\\goto"', '4500 162801 1000 10000 12142261102752')
GRIDGRAPH_133;('python generate_gridgraph.py 18 101 249 10000 1000 4081195908596', '')
GOTO_120;('"..\\goto\\goto"', '585 29306 1000 10000 15542817075927')
GRIDGEN_134;('"..\\gridgen\\gridgen"', '1 15962550470725 369 17 182 120 324 21566 1 1 10000 1 1 1000')
GRIDGEN_135;('"..\\gridgen\\gridgen"', '1 11230904743107 3266 33 110 1998 4 38696 1 1 10000 1 1 1000')
GOTO_121;('"..\\goto\\goto"', '4353 172932 1000 10000 7889826740048')
GRIDGEN_136;('"..\\gridgen\\gridgen"', '1 10542052399134 2291 47 456 1537 64 16642 1 1 10000 1 1 1000')
NETGEN_106;('"..\\netgen\\netgen"', '11696880914889 1 1006 1 1 96537 1 10000 34285 0 0 100 100 1 1000')
NETGEN_107;('"..\\netgen\\netgen"', '9638479458943 1 4762 1 1 35631 1 10000 413058 0 0 100 100 1 1000')
GRIDGEN_137;('"..\\gridgen\\gridgen"', '1 4045562943901 4881 62 2114 1445 15 71433 1 1 10000 1 1 1000')
NETGEN_108;('"..\\netgen\\netgen"', '6425805787713 1 1602 1 1 115833 1 10000 71922 0 0 100 100 1 1000')
NETGEN_109;('"..\\netgen\\netgen"', '41607902528 1 3357 1 1 86507 1 10000 81193 0 0 100 100 1 1000')
GOTO_122;('"..\\goto\\goto"', '4492 129895 1000 10000 3682067391893')
GOTO_123;('"..\\goto\\goto"', '499 11379 1000 10000 3027971469483')
NETGEN_110;('"..\\netgen\\netgen"', '5836627898048 1 1025 1 1 194525 1 10000 28733 0 0 100 100 1 1000')
GRIDGEN_138;('"..\\gridgen\\gridgen"', '1 12013096837770 4689 22 2002 1288 28 195741 1 1 10000 1 1 1000')
GOTO_125;('"..\\goto\\goto"', '173 5077 1000 10000 5534374586094')
GOTO_124;('"..\\goto\\goto"', '3857 111100 1000 10000 15457721929572')
GRIDGEN_139;('"..\\gridgen\\gridgen"', '1 8615707019066 1484 33 105 837 80 93412 1 1 10000 1 1 1000')
GOTO_126;('"..\\goto\\goto"', '2676 102047 1000 10000 12954934110417')
GRIDGEN_140;('"..\\gridgen\\gridgen"', '1 11436636698961 2769 36 1295 312 4 263698 1 1 10000 1 1 1000')
GOTO_127;('"..\\goto\\goto"', '2668 193581 1000 10000 608716823487')
GRIDGRAPH_134;('python generate_gridgraph.py 54 83 1760 10000 1000 10816402021869', '')
GRIDGRAPH_135;('python generate_gridgraph.py 7 376 427 10000 1000 2906575058521', '')
GOTO_129;('"..\\goto\\goto"', '215 2261 1000 10000 10804483820509')
GRIDGRAPH_136;('python generate_gridgraph.py 10 63 1622 10000 1000 4375374739267', '')
GOTO_128;('"..\\goto\\goto"', '2651 165293 1000 10000 180486109525')
GRIDGRAPH_137;('python generate_gridgraph.py 8 199 462 10000 1000 9229034359389', '')
GRIDGEN_141;('"..\\gridgen\\gridgen"', '1 14182232110233 1115 26 588 361 121 89288 1 1 10000 1 1 1000')
GRIDGEN_142;('"..\\gridgen\\gridgen"', '1 16170856140313 1159 15 450 457 66 1003 1 1 10000 1 1 1000')
GOTO_130;('"..\\goto\\goto"', '1296 72073 1000 10000 8589160788746')
NETGEN_111;('"..\\netgen\\netgen"', '7878404242972 1 589 1 1 122669 1 10000 5306 0 0 100 100 1 1000')
GOTO_131;('"..\\goto\\goto"', '772 62220 1000 10000 10866204961579')
NETGEN_112;('"..\\netgen\\netgen"', '11195203531470 1 2885 1 1 12529 1 10000 275754 0 0 100 100 1 1000')
GRIDGRAPH_138;('python generate_gridgraph.py 16 120 1740 10000 1000 3365789709527', '')
GRIDGRAPH_139;('python generate_gridgraph.py 22 37 777 10000 1000 11999123011788', '')
GOTO_132;('"..\\goto\\goto"', '147 1062 1000 10000 14632584502280')
NETGEN_113;('"..\\netgen\\netgen"', '13341049072059 1 4476 1 1 194373 1 10000 195018 0 0 100 100 1 1000')
GOTO_133;('"..\\goto\\goto"', '1048 64545 1000 10000 13672650668663')
GRIDGRAPH_141;('python generate_gridgraph.py 44 81 1861 10000 1000 14935204221826', '')
GRIDGEN_143;('"..\\gridgen\\gridgen"', '1 943212505329 2592 49 434 282 64 96074 1 1 10000 1 1 1000')
NETGEN_114;('"..\\netgen\\netgen"', '11801550170420 1 1871 1 1 108029 1 10000 114221 0 0 100 100 1 1000')
GOTO_134;('"..\\goto\\goto"', '3053 77232 1000 10000 6524588916367')
NETGEN_115;('"..\\netgen\\netgen"', '3335702461280 1 3562 1 1 86776 1 10000 110702 0 0 100 100 1 1000')
GRIDGRAPH_140;('python generate_gridgraph.py 56 88 96 10000 1000 4969270616660', '')
NETGEN_116;('"..\\netgen\\netgen"', '8961006863 1 4010 1 1 19497 1 10000 11970 0 0 100 100 1 1000')
GRIDGRAPH_142;('python generate_gridgraph.py 15 202 536 10000 1000 3008320731668', '')
NETGEN_117;('"..\\netgen\\netgen"', '11694357891439 1 362 1 1 93063 1 10000 23468 0 0 100 100 1 1000')
GRIDGRAPH_143;('python generate_gridgraph.py 46 75 1647 10000 1000 6250491645335', '')
GOTO_135;('"..\\goto\\goto"', '3896 134127 1000 10000 9062462527048')
GRIDGRAPH_144;('python generate_gridgraph.py 8 224 491 10000 1000 1532704011783', '')
GRIDGEN_144;('"..\\gridgen\\gridgen"', '1 11560140390476 350 16 115 127 107 16928 1 1 10000 1 1 1000')
GRIDGRAPH_145;('python generate_gridgraph.py 15 100 793 10000 1000 4418895812591', '')
GOTO_137;('"..\\goto\\goto"', '2461 25416 1000 10000 12139258287800')
GRIDGRAPH_146;('python generate_gridgraph.py 10 363 825 10000 1000 11652292780023', '')
GRIDGEN_145;('"..\\gridgen\\gridgen"', '1 3264978955959 2190 43 311 1352 18 189923 1 1 10000 1 1 1000')
NETGEN_118;('"..\\netgen\\netgen"', '7989127392848 1 388 1 1 119132 1 10000 15359 0 0 100 100 1 1000')
GRIDGRAPH_147;('python generate_gridgraph.py 23 75 324 10000 1000 10895535020234', '')
GOTO_136;('"..\\goto\\goto"', '1081 111422 1000 10000 12631008146273')
GOTO_139;('"..\\goto\\goto"', '305 4449 1000 10000 7826150979414')
GRIDGRAPH_148;('python generate_gridgraph.py 19 224 1715 10000 1000 12351101755409', '')
GRIDGEN_146;('"..\\gridgen\\gridgen"', '1 9958811366822 564 17 270 87 145 2282 1 1 10000 1 1 1000')
GOTO_140;('"..\\goto\\goto"', '434 19528 1000 10000 2271197159494')
GOTO_138;('"..\\goto\\goto"', '3594 77207 1000 10000 13913757088898')
GRIDGRAPH_149;('python generate_gridgraph.py 10 16 1260 10000 1000 14561451982028', '')
GRIDGRAPH_150;('python generate_gridgraph.py 6 22 1588 10000 1000 9687558152070', '')
GRIDGEN_147;('"..\\gridgen\\gridgen"', '1 7959007731858 1881 13 82 1102 4 44654 1 1 10000 1 1 1000')
NETGEN_119;('"..\\netgen\\netgen"', '10834445401566 1 4418 1 1 116136 1 10000 127434 0 0 100 100 1 1000')
GOTO_141;('"..\\goto\\goto"', '1288 57869 1000 10000 3752694721303')
GRIDGEN_148;('"..\\gridgen\\gridgen"', '1 10085504852913 4764 11 1179 2419 15 305217 1 1 10000 1 1 1000')
NETGEN_120;('"..\\netgen\\netgen"', '3168024147652 1 1120 1 1 112673 1 10000 82879 0 0 100 100 1 1000')
GOTO_142;('"..\\goto\\goto"', '2875 42307 1000 10000 1823518949624')
GOTO_143;('"..\\goto\\goto"', '3823 25062 1000 10000 11403034806394')
NETGEN_121;('"..\\netgen\\netgen"', '4380811459670 1 1694 1 1 40587 1 10000 63953 0 0 100 100 1 1000')
GRIDGEN_149;('"..\\gridgen\\gridgen"', '1 15908981797932 1786 22 682 519 17 37228 1 1 10000 1 1 1000')
GRIDGEN_150;('"..\\gridgen\\gridgen"', '1 15433994083220 2139 20 173 974 35 86337 1 1 10000 1 1 1000')
GRIDGEN_151;('"..\\gridgen\\gridgen"', '1 764200202544 127 11 68 5 80 3875 1 1 10000 1 1 1000')
NETGEN_123;('"..\\netgen\\netgen"', '9580496838456 1 1466 1 1 59641 1 10000 103829 0 0 100 100 1 1000')
NETGEN_124;('"..\\netgen\\netgen"', '11348261528079 1 3850 1 1 153315 1 10000 249945 0 0 100 100 1 1000')
NETGEN_122;('"..\\netgen\\netgen"', '13879990192912 1 1869 1 1 180601 1 10000 78217 0 0 100 100 1 1000')
GRIDGRAPH_151;('python generate_gridgraph.py 37 46 108 10000 1000 13329373916922', '')
NETGEN_125;('"..\\netgen\\netgen"', '9958313273592 1 1238 1 1 76817 1 10000 97981 0 0 100 100 1 1000')
NETGEN_126;('"..\\netgen\\netgen"', '2632689157324 1 4817 1 1 64385 1 10000 153441 0 0 100 100 1 1000')
NETGEN_127;('"..\\netgen\\netgen"', '7655186303085 1 1275 1 1 43023 1 10000 20081 0 0 100 100 1 1000')
GOTO_144;('"..\\goto\\goto"', '4139 35827 1000 10000 1886245769303')
GRIDGRAPH_152;('python generate_gridgraph.py 35 74 1914 10000 1000 15196805446473', '')
GRIDGRAPH_153;('python generate_gridgraph.py 18 102 681 10000 1000 12121033128354', '')
GRIDGEN_152;('"..\\gridgen\\gridgen"', '1 15769569747239 4269 18 2365 23 45 269188 1 1 10000 1 1 1000')
GOTO_145;('"..\\goto\\goto"', '4835 33316 1000 10000 6973633903994')
NETGEN_129;('"..\\netgen\\netgen"', '12225091639943 1 895 1 1 176127 1 10000 28621 0 0 100 100 1 1000')
NETGEN_128;('"..\\netgen\\netgen"', '15439358773719 1 1979 1 1 108872 1 10000 128958 0 0 100 100 1 1000')
GRIDGRAPH_154;('python generate_gridgraph.py 7 639 856 10000 1000 11306982659735', '')
NETGEN_131;('"..\\netgen\\netgen"', '2627327338770 1 1193 1 1 146884 1 10000 114802 0 0 100 100 1 1000')
GRIDGRAPH_155;('python generate_gridgraph.py 33 99 381 10000 1000 13425337782857', '')
GOTO_146;('"..\\goto\\goto"', '2675 173439 1000 10000 10670610239025')
GOTO_147;('"..\\goto\\goto"', '1425 158186 1000 10000 14790472043706')
GRIDGRAPH_156;('python generate_gridgraph.py 26 181 581 10000 1000 12119861368225', '')
GRIDGEN_153;('"..\\gridgen\\gridgen"', '1 3855558857603 2574 5 364 141 50 119124 1 1 10000 1 1 1000')
GRIDGRAPH_157;('python generate_gridgraph.py 9 389 739 10000 1000 16308880477888', '')
GRIDGEN_154;('"..\\gridgen\\gridgen"', '1 5604450135436 1632 10 96 1127 110 141056 1 1 10000 1 1 1000')
GOTO_148;('"..\\goto\\goto"', '2335 75969 1000 10000 12679454713305')
GRIDGEN_155;('"..\\gridgen\\gridgen"', '1 6933688258509 4996 30 776 2091 5 355234 1 1 10000 1 1 1000')
GRIDGRAPH_158;('python generate_gridgraph.py 6 583 1537 10000 1000 3283192691127', '')
GRIDGRAPH_159;('python generate_gridgraph.py 7 491 803 10000 1000 4045985375787', '')
GRIDGRAPH_160;('python generate_gridgraph.py 43 47 964 10000 1000 8924068005860', '')
NETGEN_132;('"..\\netgen\\netgen"', '14482287381800 1 90 1 1 2640 1 10000 2226 0 0 100 100 1 1000')
GRIDGEN_156;('"..\\gridgen\\gridgen"', '1 11188268119240 2813 5 989 706 14 149140 1 1 10000 1 1 1000')
NETGEN_133;('"..\\netgen\\netgen"', '9573347515071 1 299 1 1 27138 1 10000 23708 0 0 100 100 1 1000')
NETGEN_134;('"..\\netgen\\netgen"', '5681819112834 1 404 1 1 37780 1 10000 25277 0 0 100 100 1 1000')
GRIDGRAPH_161;('python generate_gridgraph.py 36 64 622 10000 1000 2554509526857', '')
NETGEN_130;('"..\\netgen\\netgen"', '9243053801020 1 688 1 1 17957 1 10000 33149 0 0 100 100 1 1000')
GRIDGEN_157;('"..\\gridgen\\gridgen"', '1 4832436775488 4901 47 3914 581 6 172146 1 1 10000 1 1 1000')
GOTO_149;('"..\\goto\\goto"', '2451 104645 1000 10000 13290724856085')
GRIDGRAPH_162;('python generate_gridgraph.py 54 82 1198 10000 1000 7611111147152', '')
GRIDGRAPH_163;('python generate_gridgraph.py 12 82 401 10000 1000 1559460354716', '')
GRIDGEN_158;('"..\\gridgen\\gridgen"', '1 6274511184490 4118 39 1872 1443 25 18380 1 1 10000 1 1 1000')
GRIDGEN_159;('"..\\gridgen\\gridgen"', '1 5397289969365 771 19 389 154 257 20629 1 1 10000 1 1 1000')
GRIDGRAPH_164;('python generate_gridgraph.py 6 178 1935 10000 1000 8016040438375', '')
NETGEN_135;('"..\\netgen\\netgen"', '108929134862 1 216 1 1 1106 1 10000 12359 0 0 100 100 1 1000')
GRIDGEN_160;('"..\\gridgen\\gridgen"', '1 3691745827971 3591 42 922 1396 27 251142 1 1 10000 1 1 1000')
NETGEN_136;('"..\\netgen\\netgen"', '5484860376192 1 1910 1 1 166673 1 10000 23110 0 0 100 100 1 1000')
GRIDGRAPH_165;('python generate_gridgraph.py 56 74 104 10000 1000 2382370914508', '')
GOTO_150;('"..\\goto\\goto"', '2313 99695 1000 10000 9975179477479')
GRIDGEN_161;('"..\\gridgen\\gridgen"', '1 3588969287067 4158 16 2037 230 25 178030 1 1 10000 1 1 1000')
GOTO_151;('"..\\goto\\goto"', '640 15516 1000 10000 1672368626521')
GRIDGRAPH_166;('python generate_gridgraph.py 48 101 1047 10000 1000 6570374390066', '')
GRIDGRAPH_167;('python generate_gridgraph.py 19 136 1790 10000 1000 9464982328295', '')
GRIDGEN_162;('"..\\gridgen\\gridgen"', '1 14481146930470 3672 17 2284 696 32 349787 1 1 10000 1 1 1000')
GOTO_152;('"..\\goto\\goto"', '2853 17828 1000 10000 8514084617983')
GOTO_154;('"..\\goto\\goto"', '178 4990 1000 10000 13975160821136')
GOTO_155;('"..\\goto\\goto"', '492 16564 1000 10000 226874723619')
GRIDGRAPH_168;('python generate_gridgraph.py 7 139 213 10000 1000 5876284420439', '')
GRIDGRAPH_169;('python generate_gridgraph.py 33 131 1552 10000 1000 219137314610', '')
GOTO_153;('"..\\goto\\goto"', '1742 138602 1000 10000 4417117796280')
GOTO_156;('"..\\goto\\goto"', '744 42009 1000 10000 14220401770602')
NETGEN_137;('"..\\netgen\\netgen"', '16495359558856 1 2649 1 1 13393 1 10000 148617 0 0 100 100 1 1000')
NETGEN_138;('"..\\netgen\\netgen"', '6107314295249 1 2071 1 1 95888 1 10000 75121 0 0 100 100 1 1000')
GRIDGEN_163;('"..\\gridgen\\gridgen"', '1 7583936038987 4073 8 535 489 5 256818 1 1 10000 1 1 1000')
GOTO_157;('"..\\goto\\goto"', '4005 133937 1000 10000 164715068663')
GOTO_158;('"..\\goto\\goto"', '3273 74918 1000 10000 9471077139994')
GOTO_159;('"..\\goto\\goto"', '3048 196150 1000 10000 1501583133681')
NETGEN_139;('"..\\netgen\\netgen"', '633529883146 1 861 1 1 129316 1 10000 54643 0 0 100 100 1 1000')
GOTO_161;('"..\\goto\\goto"', '228 4351 1000 10000 16990237266226')
GOTO_160;('"..\\goto\\goto"', '4188 49989 1000 10000 9099828845925')
NETGEN_140;('"..\\netgen\\netgen"', '1252212192514 1 3402 1 1 35349 1 10000 187242 0 0 100 100 1 1000')
GRIDGRAPH_170;('python generate_gridgraph.py 51 61 837 10000 1000 14165283250401', '')
GRIDGRAPH_171;('python generate_gridgraph.py 40 56 773 10000 1000 1230799296356', '')
GRIDGEN_164;('"..\\gridgen\\gridgen"', '1 2937019902319 1388 33 375 462 22 109209 1 1 10000 1 1 1000')
GRIDGEN_165;('"..\\gridgen\\gridgen"', '1 7066062931446 828 28 55 364 73 75422 1 1 10000 1 1 1000')
NETGEN_141;('"..\\netgen\\netgen"', '3775521551913 1 3557 1 1 31247 1 10000 143530 0 0 100 100 1 1000')
GRIDGEN_166;('"..\\gridgen\\gridgen"', '1 1208026459841 2878 25 576 1669 45 15931 1 1 10000 1 1 1000')
NETGEN_142;('"..\\netgen\\netgen"', '547217437700 1 894 1 1 198722 1 10000 52822 0 0 100 100 1 1000')
NETGEN_143;('"..\\netgen\\netgen"', '13729296440737 1 1072 1 1 32124 1 10000 50824 0 0 100 100 1 1000')
NETGEN_144;('"..\\netgen\\netgen"', '9464980376581 1 1127 1 1 106224 1 10000 7420 0 0 100 100 1 1000')
NETGEN_145;('"..\\netgen\\netgen"', '5488280485529 1 3851 1 1 159613 1 10000 297454 0 0 100 100 1 1000')
GRIDGEN_167;('"..\\gridgen\\gridgen"', '1 2414382124705 529 6 256 64 86 49024 1 1 10000 1 1 1000')
NETGEN_146;('"..\\netgen\\netgen"', '8358627942544 1 4053 1 1 145781 1 10000 300242 0 0 100 100 1 1000')
GOTO_162;('"..\\goto\\goto"', '4885 101843 1000 10000 15948255929879')
GRIDGRAPH_173;('python generate_gridgraph.py 18 173 650 10000 1000 14427262030706', '')
GRIDGEN_168;('"..\\gridgen\\gridgen"', '1 16281411909235 2047 40 665 985 71 50128 1 1 10000 1 1 1000')
GOTO_163;('"..\\goto\\goto"', '4769 154914 1000 10000 3776720705130')
GOTO_164;('"..\\goto\\goto"', '1112 90701 1000 10000 6914536165683')
GOTO_165;('"..\\goto\\goto"', '106 2168 1000 10000 16999603911182')
GRIDGRAPH_174;('python generate_gridgraph.py 23 149 170 10000 1000 2171853741081', '')
NETGEN_147;('"..\\netgen\\netgen"', '6088125728092 1 2015 1 1 51571 1 10000 199723 0 0 100 100 1 1000')
NETGEN_148;('"..\\netgen\\netgen"', '11495424362529 1 890 1 1 73039 1 10000 9040 0 0 100 100 1 1000')
GOTO_166;('"..\\goto\\goto"', '4915 102271 1000 10000 14379865956136')
GRIDGRAPH_175;('python generate_gridgraph.py 9 51 175 10000 1000 13765455673568', '')
GRIDGRAPH_176;('python generate_gridgraph.py 10 115 954 10000 1000 10321323961187', '')
GRIDGEN_169;('"..\\gridgen\\gridgen"', '1 9359236616421 626 10 289 315 88 15799 1 1 10000 1 1 1000')
GRIDGEN_170;('"..\\gridgen\\gridgen"', '1 14666087490538 1290 34 455 386 77 16556 1 1 10000 1 1 1000')
GRIDGRAPH_177;('python generate_gridgraph.py 6 59 780 10000 1000 10411504995496', '')
GRIDGRAPH_178;('python generate_gridgraph.py 12 179 1819 10000 1000 11443634348551', '')
GRIDGEN_171;('"..\\gridgen\\gridgen"', '1 15980339409457 1224 16 541 157 150 56994 1 1 10000 1 1 1000')
NETGEN_149;('"..\\netgen\\netgen"', '1705827083970 1 3780 1 1 116830 1 10000 374751 0 0 100 100 1 1000')
NETGEN_150;('"..\\netgen\\netgen"', '2674364843535 1 1273 1 1 141248 1 10000 62339 0 0 100 100 1 1000')
GRIDGRAPH_172;('python generate_gridgraph.py 40 67 243 10000 1000 16056730466354', '')
GOTO_167;('"..\\goto\\goto"', '1731 20401 1000 10000 4353120663439')
NETGEN_151;('"..\\netgen\\netgen"', '8329336828715 1 1017 1 1 106733 1 10000 86468 0 0 100 100 1 1000')
GOTO_168;('"..\\goto\\goto"', '4750 57893 1000 10000 16706250698446')
NETGEN_153;('"..\\netgen\\netgen"', '9259743476705 1 1657 1 1 72714 1 10000 153924 0 0 100 100 1 1000')
NETGEN_154;('"..\\netgen\\netgen"', '4251077585733 1 3457 1 1 52214 1 10000 183556 0 0 100 100 1 1000')
GOTO_169;('"..\\goto\\goto"', '2943 106521 1000 10000 7212815043493')
NETGEN_155;('"..\\netgen\\netgen"', '16389608150768 1 983 1 1 136254 1 10000 46873 0 0 100 100 1 1000')
NETGEN_156;('"..\\netgen\\netgen"', '5126356702037 1 1640 1 1 119563 1 10000 94360 0 0 100 100 1 1000')
GOTO_170;('"..\\goto\\goto"', '4578 145060 1000 10000 193358930861')
GOTO_171;('"..\\goto\\goto"', '2233 171562 1000 10000 5985763176965')
NETGEN_157;('"..\\netgen\\netgen"', '3980793700906 1 3110 1 1 191356 1 10000 134960 0 0 100 100 1 1000')
NETGEN_152;('"..\\netgen\\netgen"', '4767630021163 1 430 1 1 145895 1 10000 3444 0 0 100 100 1 1000')
GOTO_172;('"..\\goto\\goto"', '3145 71279 1000 10000 8876469950986')
GRIDGRAPH_179;('python generate_gridgraph.py 27 39 1391 10000 1000 5780332784906', '')
NETGEN_159;('"..\\netgen\\netgen"', '13781596481158 1 4719 1 1 146463 1 10000 409843 0 0 100 100 1 1000')
NETGEN_160;('"..\\netgen\\netgen"', '6786894980751 1 966 1 1 149910 1 10000 1918 0 0 100 100 1 1000')
GOTO_173;('"..\\goto\\goto"', '1868 186130 1000 10000 8455227725358')
GOTO_174;('"..\\goto\\goto"', '707 51854 1000 10000 424679798331')
NETGEN_161;('"..\\netgen\\netgen"', '12166501498855 1 4636 1 1 55251 1 10000 164149 0 0 100 100 1 1000')
NETGEN_158;('"..\\netgen\\netgen"', '13026724250740 1 301 1 1 6266 1 10000 5660 0 0 100 100 1 1000')
GRIDGRAPH_180;('python generate_gridgraph.py 21 152 886 10000 1000 9668017186587', '')
GRIDGEN_172;('"..\\gridgen\\gridgen"', '1 10005692219921 56 5 26 4 14 2899 1 1 10000 1 1 1000')
GRIDGRAPH_181;('python generate_gridgraph.py 5 304 150 10000 1000 15170924312236', '')
NETGEN_163;('"..\\netgen\\netgen"', '8324107032491 1 2073 1 1 65500 1 10000 146257 0 0 100 100 1 1000')
NETGEN_164;('"..\\netgen\\netgen"', '11225445106379 1 2016 1 1 109390 1 10000 149460 0 0 100 100 1 1000')
GRIDGEN_173;('"..\\gridgen\\gridgen"', '1 6168681082151 584 8 306 259 282 47256 1 1 10000 1 1 1000')
NETGEN_165;('"..\\netgen\\netgen"', '11305821531372 1 3175 1 1 77392 1 10000 232017 0 0 100 100 1 1000')
NETGEN_162;('"..\\netgen\\netgen"', '5921252664799 1 3838 1 1 56797 1 10000 162997 0 0 100 100 1 1000')
GRIDGRAPH_182;('python generate_gridgraph.py 9 406 63 10000 1000 13450149293128', '')
GOTO_175;('"..\\goto\\goto"', '498 7175 1000 10000 13655142219722')
GRIDGEN_174;('"..\\gridgen\\gridgen"', '1 16278253825101 4574 60 1360 1790 36 156358 1 1 10000 1 1 1000')
GOTO_176;('"..\\goto\\goto"', '2586 178496 1000 10000 5695926916582')
GRIDGEN_175;('"..\\gridgen\\gridgen"', '1 3275525770956 1792 21 567 608 38 170974 1 1 10000 1 1 1000')
GRIDGEN_176;('"..\\gridgen\\gridgen"', '1 7580256019410 4682 23 1459 1790 31 175209 1 1 10000 1 1 1000')
GOTO_177;('"..\\goto\\goto"', '1648 195184 1000 10000 2155657377204')
NETGEN_166;('"..\\netgen\\netgen"', '11414480057072 1 3451 1 1 78639 1 10000 104693 0 0 100 100 1 1000')
NETGEN_167;('"..\\netgen\\netgen"', '12264297024070 1 1541 1 1 72282 1 10000 127026 0 0 100 100 1 1000')
GRIDGRAPH_184;('python generate_gridgraph.py 58 80 969 10000 1000 15648045403699', '')
NETGEN_168;('"..\\netgen\\netgen"', '5491403545630 1 399 1 1 22717 1 10000 12044 0 0 100 100 1 1000')
GRIDGRAPH_183;('python generate_gridgraph.py 43 67 54 10000 1000 2803613013279', '')
GRIDGEN_177;('"..\\gridgen\\gridgen"', '1 16062732032437 3178 41 1212 710 10 127025 1 1 10000 1 1 1000')
GRIDGRAPH_185;('python generate_gridgraph.py 9 34 967 10000 1000 1920032995885', '')
GRIDGEN_178;('"..\\gridgen\\gridgen"', '1 7216252851851 3580 31 1103 1383 22 43164 1 1 10000 1 1 1000')
NETGEN_170;('"..\\netgen\\netgen"', '8211184081855 1 2322 1 1 30537 1 10000 128173 0 0 100 100 1 1000')
NETGEN_171;('"..\\netgen\\netgen"', '10985063775143 1 893 1 1 106340 1 10000 63478 0 0 100 100 1 1000')
NETGEN_169;('"..\\netgen\\netgen"', '1771021488612 1 1899 1 1 10623 1 10000 186693 0 0 100 100 1 1000')
NETGEN_172;('"..\\netgen\\netgen"', '12579100281568 1 2777 1 1 171115 1 10000 156941 0 0 100 100 1 1000')
NETGEN_173;('"..\\netgen\\netgen"', '3889804504554 1 1403 1 1 4821 1 10000 108664 0 0 100 100 1 1000')
GRIDGRAPH_186;('python generate_gridgraph.py 44 103 961 10000 1000 7229213321580', '')
GRIDGRAPH_187;('python generate_gridgraph.py 6 321 1039 10000 1000 9905254565225', '')
NETGEN_174;('"..\\netgen\\netgen"', '6147138450400 1 281 1 1 6680 1 10000 6476 0 0 100 100 1 1000')
GOTO_178;('"..\\goto\\goto"', '1173 43731 1000 10000 7264831122605')
GRIDGEN_179;('"..\\gridgen\\gridgen"', '1 1041485513195 411 11 99 57 86 25778 1 1 10000 1 1 1000')
GOTO_179;('"..\\goto\\goto"', '4165 71778 1000 10000 9140824223385')
GRIDGEN_180;('"..\\gridgen\\gridgen"', '1 3138151971656 1911 40 1319 519 24 20653 1 1 10000 1 1 1000')
NETGEN_175;('"..\\netgen\\netgen"', '11317981698840 1 3119 1 1 136904 1 10000 246971 0 0 100 100 1 1000')
GRIDGRAPH_188;('python generate_gridgraph.py 20 28 1234 10000 1000 13213479091479', '')
GOTO_181;('"..\\goto\\goto"', '311 14130 1000 10000 4392286552433')
GRIDGEN_181;('"..\\gridgen\\gridgen"', '1 9222339173034 4102 62 1010 1401 21 171256 1 1 10000 1 1 1000')
GRIDGRAPH_189;('python generate_gridgraph.py 16 200 1852 10000 1000 15672585534587', '')
GOTO_180;('"..\\goto\\goto"', '3632 123700 1000 10000 7884320630413')
GRIDGEN_182;('"..\\gridgen\\gridgen"', '1 6441023476816 890 22 463 28 86 5751 1 1 10000 1 1 1000')
GRIDGRAPH_190;('python generate_gridgraph.py 24 76 1045 10000 1000 256491807145', '')
GRIDGRAPH_191;('python generate_gridgraph.py 31 60 1921 10000 1000 13969424259990', '')
GRIDGEN_183;('"..\\gridgen\\gridgen"', '1 10160298451671 4045 29 1153 1435 47 160372 1 1 10000 1 1 1000')
GRIDGEN_184;('"..\\gridgen\\gridgen"', '1 14203461891179 777 10 210 265 215 37242 1 1 10000 1 1 1000')
GRIDGEN_185;('"..\\gridgen\\gridgen"', '1 7694913458921 32 5 18 4 28 2378 1 1 10000 1 1 1000')
GRIDGEN_186;('"..\\gridgen\\gridgen"', '1 5243676957439 4110 63 1961 1707 32 306920 1 1 10000 1 1 1000')
GOTO_182;('"..\\goto\\goto"', '1519 85979 1000 10000 8041405445420')
GRIDGRAPH_192;('python generate_gridgraph.py 52 80 1585 10000 1000 15570301291357', '')
GOTO_183;('"..\\goto\\goto"', '4697 163587 1000 10000 2190954687704')
GOTO_184;('"..\\goto\\goto"', '1164 98951 1000 10000 9166497802699')
NETGEN_176;('"..\\netgen\\netgen"', '9928461544343 1 1831 1 1 106477 1 10000 124834 0 0 100 100 1 1000')
NETGEN_177;('"..\\netgen\\netgen"', '4327631035430 1 2206 1 1 128134 1 10000 10737 0 0 100 100 1 1000')
NETGEN_178;('"..\\netgen\\netgen"', '12795408543115 1 3760 1 1 188331 1 10000 341310 0 0 100 100 1 1000')
GRIDGRAPH_193;('python generate_gridgraph.py 6 46 749 10000 1000 5337215061564', '')
GRIDGEN_187;('"..\\gridgen\\gridgen"', '1 11177122699182 3225 44 461 1116 20 279352 1 1 10000 1 1 1000')
GRIDGRAPH_194;('python generate_gridgraph.py 25 63 1400 10000 1000 8913908670566', '')
GRIDGEN_188;('"..\\gridgen\\gridgen"', '1 16037412618374 2630 30 670 584 31 83882 1 1 10000 1 1 1000')
GRIDGEN_189;('"..\\gridgen\\gridgen"', '1 6964672810714 3346 26 2058 590 9 21462 1 1 10000 1 1 1000')
GOTO_185;('"..\\goto\\goto"', '502 5068 1000 10000 14104430896014')
GRIDGRAPH_195;('python generate_gridgraph.py 23 40 660 10000 1000 11856561009880', '')
GOTO_186;('"..\\goto\\goto"', '1688 156632 1000 10000 15166077116271')
GOTO_187;('"..\\goto\\goto"', '4487 194852 1000 10000 4783465597159')
GRIDGEN_190;('"..\\gridgen\\gridgen"', '1 5514722151427 2248 14 1345 843 26 214526 1 1 10000 1 1 1000')
GRIDGRAPH_196;('python generate_gridgraph.py 17 52 879 10000 1000 134694108915', '')
NETGEN_179;('"..\\netgen\\netgen"', '5867171971416 1 1781 1 1 79009 1 10000 128361 0 0 100 100 1 1000')
GRIDGRAPH_197;('python generate_gridgraph.py 24 95 893 10000 1000 2283420581168', '')
GRIDGEN_191;('"..\\gridgen\\gridgen"', '1 8584727256159 4943 53 310 437 5 388762 1 1 10000 1 1 1000')
NETGEN_180;('"..\\netgen\\netgen"', '997376519859 1 3816 1 1 8684 1 10000 294970 0 0 100 100 1 1000')
GRIDGRAPH_198;('python generate_gridgraph.py 22 126 254 10000 1000 12593654663681', '')
GRIDGEN_192;('"..\\gridgen\\gridgen"', '1 1458603941600 3668 24 1240 591 9 297671 1 1 10000 1 1 1000')
GOTO_188;('"..\\goto\\goto"', '1147 95663 1000 10000 16853321128609')
GRIDGRAPH_199;('python generate_gridgraph.py 18 36 1891 10000 1000 1874338442957', '')
GOTO_190;('"..\\goto\\goto"', '1698 124267 1000 10000 12111298098925')
GOTO_189;('"..\\goto\\goto"', '2679 155734 1000 10000 731841840108')
GRIDGEN_193;('"..\\gridgen\\gridgen"', '1 2004617210241 4659 37 38 323 36 245765 1 1 10000 1 1 1000')
GRIDGEN_194;('"..\\gridgen\\gridgen"', '1 7205259684207 4064 19 1402 1263 39 354266 1 1 10000 1 1 1000')
GOTO_191;('"..\\goto\\goto"', '1525 62261 1000 10000 14885186433004')
GRIDGEN_195;('"..\\gridgen\\gridgen"', '1 449583076981 3477 35 1499 1381 38 342463 1 1 10000 1 1 1000')
GRIDGEN_196;('"..\\gridgen\\gridgen"', '1 12530743048333 3100 22 1234 713 43 127240 1 1 10000 1 1 1000')
NETGEN_181;('"..\\netgen\\netgen"', '15723449340496 1 3720 1 1 56449 1 10000 368049 0 0 100 100 1 1000')
GRIDGRAPH_200;('python generate_gridgraph.py 24 76 577 10000 1000 5259883725529', '')
GOTO_192;('"..\\goto\\goto"', '1413 41469 1000 10000 10536408757640')
GRIDGEN_197;('"..\\gridgen\\gridgen"', '1 420184536010 3439 11 501 1044 28 332947 1 1 10000 1 1 1000')
GRIDGRAPH_201;('python generate_gridgraph.py 40 66 732 10000 1000 2027389609955', '')
GOTO_193;('"..\\goto\\goto"', '4375 77390 1000 10000 17017676404705')
GRIDGRAPH_202;('python generate_gridgraph.py 30 108 409 10000 1000 2840139864976', '')
GRIDGEN_198;('"..\\gridgen\\gridgen"', '1 14644531684827 4642 21 769 2400 10 107219 1 1 10000 1 1 1000')
GRIDGRAPH_203;('python generate_gridgraph.py 56 67 895 10000 1000 11012961224446', '')
GRIDGEN_199;('"..\\gridgen\\gridgen"', '1 16073915486893 4127 5 2817 1302 47 29186 1 1 10000 1 1 1000')
GRIDGRAPH_205;('python generate_gridgraph.py 5 246 1311 10000 1000 14668799454135', '')
GRIDGRAPH_206;('python generate_gridgraph.py 12 270 1854 10000 1000 13709594274016', '')
GRIDGRAPH_207;('python generate_gridgraph.py 33 106 1383 10000 1000 12736974509369', '')
GRIDGEN_200;('"..\\gridgen\\gridgen"', '1 7028906429003 1860 28 704 316 33 184391 1 1 10000 1 1 1000')
GRIDGRAPH_208;('python generate_gridgraph.py 25 193 776 10000 1000 3052263198975', '')
GRIDGRAPH_209;('python generate_gridgraph.py 25 167 551 10000 1000 2296109063797', '')
GRIDGRAPH_210;('python generate_gridgraph.py 49 50 612 10000 1000 14088643594742', '')
GRIDGEN_201;('"..\\gridgen\\gridgen"', '1 10245023954470 811 9 258 470 242 844 1 1 10000 1 1 1000')
GRIDGRAPH_211;('python generate_gridgraph.py 35 35 61 10000 1000 6273147430733', '')
GOTO_194;('"..\\goto\\goto"', '527 9218 1000 10000 8457741818465')
GRIDGRAPH_204;('python generate_gridgraph.py 15 175 327 10000 1000 9094764968959', '')
GRIDGRAPH_213;('python generate_gridgraph.py 6 111 642 10000 1000 3007356857556', '')
GRIDGRAPH_214;('python generate_gridgraph.py 5 779 1604 10000 1000 2117305031973', '')
NETGEN_182;('"..\\netgen\\netgen"', '2011136638699 1 4697 1 1 58249 1 10000 41606 0 0 100 100 1 1000')
NETGEN_183;('"..\\netgen\\netgen"', '13941853637932 1 2720 1 1 186352 1 10000 262080 0 0 100 100 1 1000')
GRIDGRAPH_212;('python generate_gridgraph.py 43 63 288 10000 1000 15804187833281', '')
GRIDGEN_202;('"..\\gridgen\\gridgen"', '1 13738130499759 4275 44 1314 1430 33 246292 1 1 10000 1 1 1000')
GRIDGRAPH_215;('python generate_gridgraph.py 15 19 320 10000 1000 5197456386046', '')
GOTO_195;('"..\\goto\\goto"', '3494 163920 1000 10000 5058781402355')
GRIDGEN_203;('"..\\gridgen\\gridgen"', '1 4794001338809 3045 49 862 1946 37 114960 1 1 10000 1 1 1000')
NETGEN_184;('"..\\netgen\\netgen"', '3111965537144 1 25 1 1 110 1 10000 1336 0 0 100 100 1 1000')
GRIDGEN_204;('"..\\gridgen\\gridgen"', '1 10426161910104 4144 60 745 2407 35 277467 1 1 10000 1 1 1000')
GRIDGRAPH_217;('python generate_gridgraph.py 14 15 1962 10000 1000 9044906066462', '')
GOTO_196;('"..\\goto\\goto"', '4252 60918 1000 10000 4200819955060')
NETGEN_185;('"..\\netgen\\netgen"', '9295054387153 1 2838 1 1 152998 1 10000 278952 0 0 100 100 1 1000')
GRIDGRAPH_218;('python generate_gridgraph.py 17 85 1034 10000 1000 13921208250700', '')
GRIDGRAPH_216;('python generate_gridgraph.py 46 75 471 10000 1000 5092217059326', '')
NETGEN_186;('"..\\netgen\\netgen"', '798098698163 1 1724 1 1 165000 1 10000 137181 0 0 100 100 1 1000')
GOTO_198;('"..\\goto\\goto"', '698 23502 1000 10000 3750724540001')
GOTO_197;('"..\\goto\\goto"', '1304 136260 1000 10000 17092893622266')
GRIDGEN_205;('"..\\gridgen\\gridgen"', '1 9061199294997 1557 5 551 129 21 30035 1 1 10000 1 1 1000')
GRIDGEN_206;('"..\\gridgen\\gridgen"', '1 338920191725 2372 6 407 1015 32 213471 1 1 10000 1 1 1000')
GOTO_199;('"..\\goto\\goto"', '4191 97668 1000 10000 16270375547036')
NETGEN_187;('"..\\netgen\\netgen"', '12820153521746 1 3041 1 1 86465 1 10000 29159 0 0 100 100 1 1000')
GOTO_200;('"..\\goto\\goto"', '4376 110246 1000 10000 11819891359712')
NETGEN_188;('"..\\netgen\\netgen"', '12424142614770 1 1763 1 1 8984 1 10000 155272 0 0 100 100 1 1000')
NETGEN_189;('"..\\netgen\\netgen"', '9515517968493 1 4350 1 1 100161 1 10000 346744 0 0 100 100 1 1000')
GRIDGRAPH_219;('python generate_gridgraph.py 11 339 675 10000 1000 5575294725902', '')
GRIDGEN_207;('"..\\gridgen\\gridgen"', '1 7809481493090 1806 16 526 573 110 118397 1 1 10000 1 1 1000')
GRIDGEN_208;('"..\\gridgen\\gridgen"', '1 11049564119903 66 5 1 44 13 2779 1 1 10000 1 1 1000')
GRIDGRAPH_220;('python generate_gridgraph.py 34 64 1213 10000 1000 12571713345541', '')
GRIDGEN_209;('"..\\gridgen\\gridgen"', '1 15169267782809 198 6 52 98 89 3590 1 1 10000 1 1 1000')
GOTO_201;('"..\\goto\\goto"', '1505 127802 1000 10000 12270011305531')
GOTO_202;('"..\\goto\\goto"', '3055 105972 1000 10000 6320832698746')
GRIDGRAPH_221;('python generate_gridgraph.py 12 154 415 10000 1000 16934562112236', '')
GRIDGEN_210;('"..\\gridgen\\gridgen"', '1 2834602378713 4005 54 1255 902 44 118718 1 1 10000 1 1 1000')
GRIDGEN_211;('"..\\gridgen\\gridgen"', '1 6716609652506 652 14 114 226 5 39032 1 1 10000 1 1 1000')
NETGEN_190;('"..\\netgen\\netgen"', '10613399554202 1 1524 1 1 123331 1 10000 6576 0 0 100 100 1 1000')
GRIDGEN_212;('"..\\gridgen\\gridgen"', '1 10769387771515 4874 13 1172 1853 36 226406 1 1 10000 1 1 1000')
GRIDGRAPH_222;('python generate_gridgraph.py 19 24 1983 10000 1000 12294384286078', '')
GRIDGRAPH_223;('python generate_gridgraph.py 20 242 1352 10000 1000 6906549062701', '')
GRIDGRAPH_224;('python generate_gridgraph.py 23 175 957 10000 1000 10389012177890', '')
GOTO_203;('"..\\goto\\goto"', '2370 127048 1000 10000 2311442769922')
GRIDGRAPH_225;('python generate_gridgraph.py 11 87 796 10000 1000 5695136837345', '')
GRIDGRAPH_226;('python generate_gridgraph.py 40 44 693 10000 1000 14321827913396', '')
NETGEN_192;('"..\\netgen\\netgen"', '6504100222785 1 3949 1 1 174544 1 10000 162713 0 0 100 100 1 1000')
NETGEN_191;('"..\\netgen\\netgen"', '9005362285278 1 1229 1 1 109653 1 10000 70673 0 0 100 100 1 1000')
GRIDGEN_213;('"..\\gridgen\\gridgen"', '1 14564059116447 4319 58 1542 1497 22 207750 1 1 10000 1 1 1000')
NETGEN_193;('"..\\netgen\\netgen"', '15677392472131 1 1564 1 1 89801 1 10000 61288 0 0 100 100 1 1000')
NETGEN_194;('"..\\netgen\\netgen"', '2928395228125 1 859 1 1 137376 1 10000 41761 0 0 100 100 1 1000')
GOTO_204;('"..\\goto\\goto"', '1815 88315 1000 10000 7638951990216')
GRIDGRAPH_228;('python generate_gridgraph.py 44 62 1184 10000 1000 13147557564754', '')
NETGEN_195;('"..\\netgen\\netgen"', '11110001791519 1 3982 1 1 40233 1 10000 76063 0 0 100 100 1 1000')
NETGEN_196;('"..\\netgen\\netgen"', '3492706813345 1 323 1 1 56965 1 10000 25909 0 0 100 100 1 1000')
GOTO_205;('"..\\goto\\goto"', '2595 114635 1000 10000 16744564736098')
GOTO_206;('"..\\goto\\goto"', '3768 180939 1000 10000 15124667407184')
NETGEN_197;('"..\\netgen\\netgen"', '13979784583774 1 4085 1 1 64446 1 10000 158516 0 0 100 100 1 1000')
GRIDGRAPH_229;('python generate_gridgraph.py 5 157 229 10000 1000 11811832407461', '')
GRIDGRAPH_230;('python generate_gridgraph.py 28 87 80 10000 1000 4944490058717', '')
GRIDGEN_214;('"..\\gridgen\\gridgen"', '1 3053204644365 2822 45 223 1737 55 20402 1 1 10000 1 1 1000')
GOTO_207;('"..\\goto\\goto"', '1977 64452 1000 10000 3149419178397')
GRIDGRAPH_231;('python generate_gridgraph.py 25 189 527 10000 1000 10670227753559', '')
GRIDGEN_215;('"..\\gridgen\\gridgen"', '1 6526725084134 2496 35 646 726 69 141538 1 1 10000 1 1 1000')
GRIDGEN_216;('"..\\gridgen\\gridgen"', '1 7491532445946 398 11 163 150 244 23775 1 1 10000 1 1 1000')
GRIDGEN_217;('"..\\gridgen\\gridgen"', '1 4376005736699 4700 66 2184 1302 3 273957 1 1 10000 1 1 1000')
GOTO_208;('"..\\goto\\goto"', '1143 9045 1000 10000 4162309139468')
GOTO_209;('"..\\goto\\goto"', '4878 107626 1000 10000 2787134908824')
GOTO_210;('"..\\goto\\goto"', '4847 161449 1000 10000 16376637104755')
GOTO_211;('"..\\goto\\goto"', '1913 68764 1000 10000 12166118342389')
NETGEN_198;('"..\\netgen\\netgen"', '15554178289138 1 2461 1 1 135710 1 10000 94600 0 0 100 100 1 1000')
NETGEN_199;('"..\\netgen\\netgen"', '13920080511088 1 3040 1 1 6933 1 10000 104945 0 0 100 100 1 1000')
GRIDGEN_218;('"..\\gridgen\\gridgen"', '1 14378566403380 3369 22 741 784 52 255484 1 1 10000 1 1 1000')
GOTO_212;('"..\\goto\\goto"', '4832 91202 1000 10000 3587429254222')
GOTO_213;('"..\\goto\\goto"', '2497 162492 1000 10000 14150906776446')
GRIDGRAPH_232;('python generate_gridgraph.py 19 88 1719 10000 1000 2958365198384', '')
NETGEN_200;('"..\\netgen\\netgen"', '16176138786922 1 1596 1 1 184725 1 10000 129875 0 0 100 100 1 1000')
GOTO_214;('"..\\goto\\goto"', '4222 53105 1000 10000 2966534999765')
GRIDGEN_219;('"..\\gridgen\\gridgen"', '1 3165542894649 3275 43 1733 567 17 123253 1 1 10000 1 1 1000')
GRIDGRAPH_233;('python generate_gridgraph.py 19 68 162 10000 1000 15210336383450', '')
GOTO_215;('"..\\goto\\goto"', '3298 105659 1000 10000 13004656420433')
GRIDGEN_220;('"..\\gridgen\\gridgen"', '1 15773324917936 4225 43 1768 2405 14 83008 1 1 10000 1 1 1000')
NETGEN_201;('"..\\netgen\\netgen"', '8696735251619 1 2138 1 1 189625 1 10000 140092 0 0 100 100 1 1000')
GRIDGEN_221;('"..\\gridgen\\gridgen"', '1 14485886896236 1959 7 667 599 98 138817 1 1 10000 1 1 1000')
GRIDGRAPH_234;('python generate_gridgraph.py 7 76 1360 10000 1000 11922123202093', '')
GOTO_216;('"..\\goto\\goto"', '4914 175826 1000 10000 4229820638658')
GOTO_217;('"..\\goto\\goto"', '3320 24982 1000 10000 1918627704005')
NETGEN_202;('"..\\netgen\\netgen"', '8086259935742 1 3105 1 1 25685 1 10000 96799 0 0 100 100 1 1000')
GOTO_218;('"..\\goto\\goto"', '3440 128535 1000 10000 13614261400536')
NETGEN_203;('"..\\netgen\\netgen"', '16564677499865 1 2627 1 1 139499 1 10000 102688 0 0 100 100 1 1000')
NETGEN_204;('"..\\netgen\\netgen"', '9722525259279 1 3320 1 1 176750 1 10000 66676 0 0 100 100 1 1000')
GRIDGEN_222;('"..\\gridgen\\gridgen"', '1 16830079003002 2179 20 641 281 12 111303 1 1 10000 1 1 1000')
GRIDGRAPH_235;('python generate_gridgraph.py 10 95 521 10000 1000 4173485187027', '')
GRIDGRAPH_236;('python generate_gridgraph.py 48 86 583 10000 1000 15407883087294', '')
GRIDGEN_223;('"..\\gridgen\\gridgen"', '1 6459212685312 640 17 139 233 249 10006 1 1 10000 1 1 1000')
GRIDGRAPH_237;('python generate_gridgraph.py 6 143 823 10000 1000 6383694024448', '')
GOTO_219;('"..\\goto\\goto"', '4359 173007 1000 10000 741580266148')
GRIDGRAPH_238;('python generate_gridgraph.py 27 69 242 10000 1000 13777336486950', '')
GOTO_220;('"..\\goto\\goto"', '3971 125669 1000 10000 17023062997722')
GOTO_221;('"..\\goto\\goto"', '121 1298 1000 10000 1634607458068')
GRIDGEN_224;('"..\\gridgen\\gridgen"', '1 4894973951700 2990 16 241 1380 9 286143 1 1 10000 1 1 1000')
GOTO_222;('"..\\goto\\goto"', '1027 6642 1000 10000 5401173529901')
GOTO_223;('"..\\goto\\goto"', '2222 126695 1000 10000 13334546663704')
GOTO_224;('"..\\goto\\goto"', '2492 149978 1000 10000 14130225082032')
GRIDGEN_225;('"..\\gridgen\\gridgen"', '1 463989140996 4422 63 292 2015 19 22313 1 1 10000 1 1 1000')
NETGEN_205;('"..\\netgen\\netgen"', '6957651396052 1 1401 1 1 104934 1 10000 44005 0 0 100 100 1 1000')
NETGEN_206;('"..\\netgen\\netgen"', '5949229465438 1 4062 1 1 133546 1 10000 3652 0 0 100 100 1 1000')
GOTO_225;('"..\\goto\\goto"', '1338 46600 1000 10000 5684708800209')
GRIDGRAPH_239;('python generate_gridgraph.py 28 95 1667 10000 1000 1568644354318', '')
GOTO_226;('"..\\goto\\goto"', '3247 119930 1000 10000 10235983512153')
GRIDGEN_226;('"..\\gridgen\\gridgen"', '1 15658201281792 1812 9 766 371 22 43474 1 1 10000 1 1 1000')
GRIDGEN_227;('"..\\gridgen\\gridgen"', '1 5768768814697 3726 20 2192 211 47 44447 1 1 10000 1 1 1000')
GRIDGRAPH_240;('python generate_gridgraph.py 42 110 1186 10000 1000 4844686880355', '')
GRIDGEN_228;('"..\\gridgen\\gridgen"', '1 4120743118314 1587 13 484 578 22 126410 1 1 10000 1 1 1000')
GRIDGEN_229;('"..\\gridgen\\gridgen"', '1 14268236650882 1503 9 229 459 120 1679 1 1 10000 1 1 1000')
GRIDGEN_230;('"..\\gridgen\\gridgen"', '1 11969636884252 1787 6 929 385 87 57436 1 1 10000 1 1 1000')
GRIDGEN_231;('"..\\gridgen\\gridgen"', '1 833778684418 1239 21 115 205 93 49063 1 1 10000 1 1 1000')
GRIDGRAPH_241;('python generate_gridgraph.py 42 108 445 10000 1000 10997708572596', '')
NETGEN_207;('"..\\netgen\\netgen"', '10033104142043 1 2065 1 1 177150 1 10000 175012 0 0 100 100 1 1000')
GRIDGRAPH_242;('python generate_gridgraph.py 23 109 1856 10000 1000 10580914800702', '')
NETGEN_208;('"..\\netgen\\netgen"', '16693704689663 1 4813 1 1 107698 1 10000 275863 0 0 100 100 1 1000')
NETGEN_209;('"..\\netgen\\netgen"', '3730532554942 1 2019 1 1 17680 1 10000 41991 0 0 100 100 1 1000')
